league,homeTeam,awayTeam,homeOdds,drawOdds,awayOdds,Timestamp,Time,Date
Football / International / Club Friendly Games,Cadiz CF,Granada CF,2.83,3.23,2.58,2026-08-05 07:14:28,11:00 am,Wed 05/08
Football / International / Club Friendly Games,Villarreal CF,Levante UD,1.88,3.86,3.86,2026-08-05 07:14:28,11:00 am,Wed 05/08
Football / China / China League 2,Shanghai Port B,Shanxi Chongde Ronghai,2.2,3.15,3.1,2026-08-05 07:14:28,11:30 am,Wed 05/08
Football / International / UEFA Champions League Women,FK Austria Wien Women,Znk Hajduk Split Women,1.06,12.94,29.85,2026-08-05 07:14:28,12:00 pm,Wed 05/08
Football / China / China League 2,Changchun Xidu,Dalian Yingbo B,2.65,2.9,2.7,2026-08-05 07:14:28,12:00 pm,Wed 05/08
Football / Australia / Capital NPL 1,Queanbeyan City FC,Tuggeranong Utd,1.79,4.09,3.75,2026-08-05 07:14:28,12:30 pm,Wed 05/08
Football / India / Calcutta Premier Div.,Mohammedan SC Reserves,Police AC,1.85,3.35,3.8,2026-08-05 07:14:28,12:30 pm,Wed 05/08
Football / International / UEFA Champions League Women,Vaalerenga Oslo Women,Malmo FF Women,2.73,3.57,2.48,2026-08-05 07:14:28,2:00 pm,Wed 05/08
Football / International / Club Friendly Games,AC Milan,Inter Milano,3.03,3.78,2.2,2026-08-05 07:14:28,2:00 pm,Wed 05/08
Football / International / Club Friendly Games,Ratchaburi FC,Eastern SC,1.29,5.64,8.36,2026-08-05 07:14:28,2:00 pm,Wed 05/08
Football / International / UEFA Champions League Women,ZNK SFK 2000 Sarajevo Women,PSV Eindhoven Women,21.73,10.87,1.1,2026-08-05 07:14:28,2:00 pm,Wed 05/08
Football / International / Club Friendly Games,Chelsea FC,Juventus Turin,2.03,3.86,3.36,2026-08-05 07:14:28,2:30 pm,Wed 05/08
Football / China / China League 2,Hubei Istar,Jiangxi Lushan,2.95,3.05,2.35,2026-08-05 07:14:28,2:30 pm,Wed 05/08
Football / China / China League 2,Wenzhou Professional FC,Guizhou Guiyang Athletic,4.6,3.25,1.78,2026-08-05 07:14:28,2:30 pm,Wed 05/08
Football / China / China League 2,Lanzhou Longyuan Athletic,Beijing Institute of Technology,1.58,3.6,5.5,2026-08-05 07:14:28,2:30 pm,Wed 05/08
Football / Malaysia / Malaysia Presidents Cup U20,Touchtronics FC U20,Johor Darul Ta'zim III U20,14.62,6.58,1.15,2026-08-05 07:14:28,3:30 pm,Wed 05/08
Football / Uzbekistan / Pro Liga,Lochin,FC Yaypan Fergana,1.64,3.9,4.3,2026-08-05 07:14:28,3:30 pm,Wed 05/08
Football / Mozambique / Mocambola,Costa Do Sol,Ferroviario de Nacala,1.59,3.2,6.2,2026-08-05 07:14:28,3:45 pm,Wed 05/08
Football / International / UEFA Champions League Women,Ajax Amsterdam Women,Broendby IF Women,1.98,3.77,3.57,2026-08-05 07:14:28,4:00 pm,Wed 05/08
Football / Uzbekistan / Pro Liga,FK Aral Samali,PFK Metallurg Bekabad,1.8,3.55,3.8,2026-08-05 07:14:28,4:00 pm,Wed 05/08
Football / International / UEFA Champions League Women,FK Gintra Siauliai Women,Heart of Midlothian WFC Women,5.14,4.65,1.56,2026-08-05 07:14:28,4:30 pm,Wed 05/08
Football / International / UEFA Champions League Women,Apollon Ladies Limassol Women,Czarni Sosnowiec Women,4.05,3.81,1.85,2026-08-05 07:14:28,5:00 pm,Wed 05/08
Football / Poland / Puchar Polski,MKS Znicz Pruszkow,LKS Lodz II,1.41,4.74,6.58,2026-08-05 07:14:28,5:00 pm,Wed 05/08
Football / Norway / U19 Nasjonal,Hamkam U19,Odd BK U19,1.58,5.25,4.08,2026-08-05 07:14:28,5:00 pm,Wed 05/08
Football / Poland / Puchar Polski,Slask II Wroclaw,ZKS Stal Stalowa Wola,2.67,3.54,2.42,2026-08-05 07:14:28,5:00 pm,Wed 05/08
Football / Poland / Puchar Polski,Podbeskidzie Bielsko-Biała,KS Hutnik Krakow SSA,1.58,4.07,5.23,2026-08-05 07:14:28,5:00 pm,Wed 05/08
Football / Uzbekistan / Pro Liga,Bukhoro Davlat Universiteti,PFC Shurtan,3.75,3.55,1.82,2026-08-05 07:14:28,5:00 pm,Wed 05/08
Football / International / UEFA Champions League Women,Ferencvarosi Budapest Women,PAOK Thessaloniki Women,1.76,3.97,4.37,2026-08-05 07:14:28,5:30 pm,Wed 05/08
Football / Romania / Romania Cup,ACS Progresul Mogosoaia,ACS Vointa 2024 Crevedia,3.85,3.6,1.78,2026-08-05 07:14:28,5:30 pm,Wed 05/08
Football / Romania / Romania Cup,CSA Axiopolis Sport Cernavoda,AS FC Agricola Borcea,4.8,4.5,1.49,2026-08-05 07:14:28,5:30 pm,Wed 05/08
Football / Romania / Romania Cup,CS Metalurgistul Cugir,CSM Jiul Petrosani,2.04,3.5,3.1,2026-08-05 07:14:28,5:30 pm,Wed 05/08
Football / Romania / Romania Cup,Sanatatea Cluj,CSM Unirea Alba Iulia,3.6,3.65,1.81,2026-08-05 07:14:28,5:30 pm,Wed 05/08
Football / Romania / Romania Cup,CS Paulesti,CS Tunari,7.4,4.4,1.36,2026-08-05 07:14:28,5:30 pm,Wed 05/08
Football / Romania / Romania Cup,Acso Filiasi,ACS Oltul Curtisoara,3.9,3.55,1.78,2026-08-05 07:14:28,5:30 pm,Wed 05/08
Football / Romania / Romania Cup,CS Lotus Baile Felix,CS Crisul Santandrei,2.75,3.5,2.2,2026-08-05 07:14:28,5:30 pm,Wed 05/08
Football / Romania / Romania Cup,Acad Viitorul Cluj,Scm Zalau,9.8,4.9,1.26,2026-08-05 07:14:28,5:30 pm,Wed 05/08
Football / Romania / Romania Cup,ASC Unirea Branistea,CS Sporting Liesti,2.03,3.75,2.9,2026-08-05 07:14:28,5:30 pm,Wed 05/08
Football / Romania / Romania Cup,Scm Dunarea Giurgiu,CSM Cetatea Turnu Magurele,5.6,4.5,1.43,2026-08-05 07:14:28,5:30 pm,Wed 05/08
Football / Romania / Romania Cup,ACS Cil Blaj,ACS Medias 2022,4.5,4.2,1.56,2026-08-05 07:14:28,5:30 pm,Wed 05/08
Football / Poland / Puchar Polski,Podhale Nowy Targ,MKS Chojniczanka Chojnice,1.93,3.49,3.78,2026-08-05 07:14:28,5:30 pm,Wed 05/08
Football / Uzbekistan / Pro Liga,Olimpik Mobiuz,FC Jayxun,1.41,4.4,6.2,2026-08-05 07:14:28,6:00 pm,Wed 05/08
Football / Finland / Ykkonen,Oulun Luistinseura,TPV Tampere,1.58,4.94,4.65,2026-08-05 07:14:28,6:00 pm,Wed 05/08
Football / Romania / Liga 2,CSC Dumbravita,Csm Olimpia Satu Mare,1.69,3.77,4.3,2026-08-05 07:14:28,6:00 pm,Wed 05/08
Football / Poland / Puchar Polski,Olimpia Grudziadz,OKS Swit Szczecin,2.18,3.4,3.16,2026-08-05 07:14:28,6:00 pm,Wed 05/08
Football / Finland / Kolmonen,Tups,Atlantis FC/Akatemia,1.62,4.58,3.91,2026-08-05 07:14:28,6:15 pm,Wed 05/08
Football / International / Club Friendly Games,US Pianese,Aquila Montevarchi,1.43,4.67,6.42,2026-08-05 07:14:28,6:30 pm,Wed 05/08
Football / Finland / Ykkonen,SalPa,JJK Jyvaskyla,2.04,4.07,3.18,2026-08-05 07:14:28,6:30 pm,Wed 05/08
Football / International / Club Friendlies,Torino,FC Vado,1.06,10.9,28.73,2026-08-05 07:14:28,6:30 pm,Wed 05/08
Football / Finland / Ykkonen,Rovaniemen Palloseura,FC Jazz,1.57,4.76,4.96,2026-08-05 07:14:28,6:30 pm,Wed 05/08
Football / Poland / Puchar Polski,Warta Poznan,CWKS Resovia,1.56,4.19,5.26,2026-08-05 07:14:28,6:30 pm,Wed 05/08
Football / Russian Federation / Russian Cup,FK Spartak Moscow,FC Orenburg,1.31,5.43,8.15,2026-08-05 07:14:28,6:30 pm,Wed 05/08
Football / Russian Federation / Russian Cup,FC Fakel Voronezh,FK Dinamo Moscow,3.49,3.49,2.01,2026-08-05 07:14:28,6:30 pm,Wed 05/08
Football / Finland / Ykkonen,Tampere United,KPV Kokkola,1.18,7.94,12.9,2026-08-05 07:14:28,6:30 pm,Wed 05/08
Football / Finland / Ykkonen,VJS,PK Keski-Uusimaa,1.68,4.46,4.36,2026-08-05 07:14:28,7:00 pm,Wed 05/08
Football / Poland / Puchar Polski,Gornik Leczna,KKS 1925 Kalisz,1.54,4.2,5.46,2026-08-05 07:14:28,7:00 pm,Wed 05/08
Football / Poland / Puchar Polski,Sandecja Nowy Sacz,Rekord Bielsko Biala,2.3,3.3,3.01,2026-08-05 07:14:28,7:00 pm,Wed 05/08
Football / Finland / Kolmonen,Lautp/2,Stps,4.49,4.78,1.52,2026-08-05 07:14:28,7:00 pm,Wed 05/08
Football / International / UEFA Champions League Women,ZNK Mura Women,FC Farul Constanta Women,1.92,3.82,3.72,2026-08-05 07:14:28,7:00 pm,Wed 05/08
Football / International / Club Friendly Games,Stade Briochin,Stade Brest 29,6.44,4.59,1.44,2026-08-05 07:14:28,7:00 pm,Wed 05/08
Football / International / UEFA Champions League Women,SKN St. Polten Women,BSC YB Frauen Women,2.29,3.52,3.03,2026-08-05 07:14:28,7:00 pm,Wed 05/08
Football / Denmark / DBU Pokalen,Hobro IK,Vendsyssel FF,2.88,3.57,2.37,2026-08-05 07:14:28,7:00 pm,Wed 05/08
Football / International / Club Friendly Games,Calcio Lecco 1912,Inter Milano U23,2.52,3.2,2.77,2026-08-05 07:14:28,7:00 pm,Wed 05/08
Football / International / Club Friendly Games,Lazio Rome,AS Ostia Mare Lido Calcio,18.43,67.89,43.16,2026-08-05 07:14:28,7:00 pm,Wed 05/08
Football / Denmark / DBU Pokalen,Odder IGF,Skive IK,5.12,4.33,1.6,2026-08-05 07:14:28,7:00 pm,Wed 05/08
Football / Estonia / Meistriliiga Women,Paide Linnameeskond Women,Tallinna FC Flora Women,1.89,3.85,3.2,2026-08-05 07:14:28,7:00 pm,Wed 05/08
Football / Finland / Kolmonen,JIPPO-J/Punamusta,Pallo Kerho 37,1.95,4.1,3.01,2026-08-05 07:14:28,7:30 pm,Wed 05/08
Football / International / Club Friendly Games,SSC Napoli,CA Osasuna,1.71,4.07,4.57,2026-08-05 07:14:28,7:30 pm,Wed 05/08
Football / Denmark / DBU Pokalen,Tarup-Paarup IF,Vejle BK,13.87,7.33,1.19,2026-08-05 07:14:28,7:30 pm,Wed 05/08
Football / International / UEFA Champions League,AGF Aarhus,Sabah Masazir,1.74,3.85,4.83,2026-08-05 07:14:28,7:30 pm,Wed 05/08
Football / Finland / Kolmonen,KuPS Akatemia II,Tou,1.05,11.48,19.13,2026-08-05 07:14:28,7:45 pm,Wed 05/08
"Football / Israel / League Cup, Premier",Hapoel Petah Tikva FC,Maccabi Netanya FC,2.63,3.28,2.73,2026-08-05 07:14:28,7:45 pm,Wed 05/08
Football / International / Club Friendly Games,Gimnastica Segoviana CF,Real Valladolid,5.65,4.19,1.53,2026-08-05 07:14:28,8:00 pm,Wed 05/08
Football / International / Club Friendly Games,Club Portugalete,Rayo Cantabria,2.39,3.6,2.67,2026-08-05 07:14:28,8:00 pm,Wed 05/08
Football / International / Club Friendlies Women,Athletic Bilbao Women,Costa Adeje Tenerife Women,2.58,3.38,2.58,2026-08-05 07:14:28,8:00 pm,Wed 05/08
Football / International / UEFA Champions League Women,RFC Union Luxembourg Women,HJK Helsinki Women,9.16,6.17,1.28,2026-08-05 07:14:28,8:00 pm,Wed 05/08
Football / Poland / Puchar Polski,GKS Tychy,Zaglebie Sosnowiec,1.7,3.98,4.36,2026-08-05 07:14:28,8:00 pm,Wed 05/08
Football / Norway / 3rd Division Group 2,Ranheim 2,Ntnui,2.03,4.3,2.7,2026-08-05 07:14:28,8:00 pm,Wed 05/08
"Football / Israel / League Cup, Premier",Hapoel Ramat Gan Givatayim FC,Hapoel Jerusalem FC,2.27,3.41,3.17,2026-08-05 07:14:28,8:00 pm,Wed 05/08
Football / International / UEFA Conference League,SK Brann,Apollon Limassol,1.63,4.13,5.19,2026-08-05 07:14:28,8:00 pm,Wed 05/08
Football / International / Club Friendly Games,CE Manresa,Espanyol Barcelona B,2.83,3.27,2.44,2026-08-05 07:14:28,8:00 pm,Wed 05/08
Football / International / UEFA Champions League Women,HB Koege Women,Riga FC Women,1.06,14.85,25.75,2026-08-05 07:14:28,8:00 pm,Wed 05/08
Football / International / Club Friendly Games,SD Ponferradina,Unionistas de Salamanca CF,2.24,3.11,3.31,2026-08-05 07:14:28,8:00 pm,Wed 05/08
Football / Finland / Kolmonen,Leppavaaran Pallo,Lohjan Pallo,2.12,4.1,2.67,2026-08-05 07:14:28,8:15 pm,Wed 05/08
Football / International / Club Friendly Games,Cultural Leonesa,Real Aviles CF,2.06,3.6,3.26,2026-08-05 07:14:28,8:30 pm,Wed 05/08
Football / International / Club Friendly Games,Club Siero,Caudal Deportivo,3.98,3.74,1.81,2026-08-05 07:14:28,8:30 pm,Wed 05/08
Football / International / Club Friendly Games,CF La Nucia,CF Intercity,2.67,3.2,2.62,2026-08-05 07:14:28,8:30 pm,Wed 05/08
Football / Brazil / Copa Rio,Olaria RJ,Nova Iguacu RJ,3.1,3.0,2.31,2026-08-05 07:14:28,8:45 pm,Wed 05/08
Football / Brazil / Copa Rio,Sao Goncalo EC RJ,Sampaio Correa FE RJ,3.53,3.1,2.06,2026-08-05 07:14:28,8:45 pm,Wed 05/08
Football / Russian Federation / Russian Cup,FK Krasnodar,RFK Akhmat Grozny,1.59,4.1,5.07,2026-08-05 07:14:28,8:45 pm,Wed 05/08
Football / Poland / Puchar Polski,Unia Skierniewice,Sokol Kleczew,1.54,4.36,5.23,2026-08-05 07:14:28,8:45 pm,Wed 05/08
Football / Russian Federation / Russian Cup,FK Zenit Saint Petersburg,FC Baltika Kaliningrad,1.34,4.67,8.96,2026-08-05 07:14:28,8:45 pm,Wed 05/08
Football / Brazil / Copa Rio,Marica FC RJ,Boavista SC RJ,2.68,2.92,2.68,2026-08-05 07:14:28,9:00 pm,Wed 05/08
"Football / Argentina / Liga Profesional, Reserves",Independiente Reserve,San Martin de San Juan Reserve,1.13,7.93,16.86,2026-08-05 07:14:28,9:00 pm,Wed 05/08
Football / International / Club Friendly Games,Sassuolo Calcio,RC Celta de Vigo,2.68,3.47,2.58,2026-08-05 07:14:28,9:00 pm,Wed 05/08
Football / International / Club Friendly Games,CP Cacereno SAD,CD Guadalajara,1.91,3.46,3.89,2026-08-05 07:14:28,9:00 pm,Wed 05/08
"Football / Argentina / Liga Profesional, Reserves",CA Quilmes Reserve,Colon de Santa Fe Reserve,1.7,3.46,5.19,2026-08-05 07:14:28,9:00 pm,Wed 05/08
"Football / Argentina / Liga Profesional, Reserves",Estudiantes de Rio Cuarto Reserve,CA Lanus,4.95,3.76,1.66,2026-08-05 07:14:28,9:00 pm,Wed 05/08
Football / Iceland / Besta deild,Keflavik IF,KA Akureyri,2.1,4.05,3.06,2026-08-05 07:14:28,9:00 pm,Wed 05/08
"Football / Argentina / Liga Profesional, Reserves",Defensa Y Justicia Reserve,Newells Old Boys,2.53,3.38,2.63,2026-08-05 07:14:28,9:00 pm,Wed 05/08
"Football / Argentina / Liga Profesional, Reserves",CA Union Santa Fe Reserve,Argentinos Juniors Reserve,2.32,3.16,3.11,2026-08-05 07:14:28,9:00 pm,Wed 05/08
"Football / Argentina / Liga Profesional, Reserves",Ferro Carril Oeste,Deportivo Riestra Afbc Reserve,2.67,2.87,2.87,2026-08-05 07:14:28,9:00 pm,Wed 05/08
Football / International / UEFA Champions League Women,Oud-Heverlee Leuven Women,Zfk Tsc Women,1.07,11.86,34.59,2026-08-05 07:14:28,9:00 pm,Wed 05/08
Football / International / UEFA Champions League,Fenerbahce Istanbul,SK Sturm Graz,1.36,5.33,8.48,2026-08-05 07:14:28,9:00 pm,Wed 05/08
Football / Argentina / Primera Nacional,Club Almagro,Gimnasia Y Tiro de Salta,2.89,2.79,2.89,2026-08-05 07:14:28,9:00 pm,Wed 05/08
Football / Brazil / Copa Governo do Estado de Sergipe,America FC Propria SE,AD Atletico Gloriense SE,3.1,3.15,2.17,2026-08-05 07:14:28,9:15 pm,Wed 05/08
Football / International / UEFA Europa League,Ferencvarosi Budapest,Gornik Zabrze,1.72,3.76,4.94,2026-08-05 07:14:28,9:15 pm,Wed 05/08
Football / International / Club Friendly Games,CD Badajoz,CD Coria,2.96,3.39,2.29,2026-08-05 07:14:28,9:30 pm,Wed 05/08
"Football / Scotland / Premier League Cup, Women",Boroughmuir Thistle FC Women,Queen's Park LFC Women,2.34,3.83,2.62,2026-08-05 07:14:28,9:30 pm,Wed 05/08
Football / International / UEFA Conference League,Panathinaikos Athens,FC CSKA 1948,1.19,6.83,15.41,2026-08-05 07:14:28,9:30 pm,Wed 05/08
Football / International / Club Friendly Games,Arsenal FC,Real Betis Seville,1.57,4.46,5.35,2026-08-05 07:14:28,9:30 pm,Wed 05/08
"Football / Scotland / Premier League Cup, Women",Falkirk FC Women,Kilmarnock Lfc Women,23.36,10.71,1.07,2026-08-05 07:14:28,9:30 pm,Wed 05/08
Football / International / UEFA Champions League Women,Vllaznia Shkoder Women,Spartak Myjava Women,1.58,4.66,4.96,2026-08-05 07:14:28,9:30 pm,Wed 05/08
"Football / Scotland / Premier League Cup, Women",Dundee United WFC Women,Aberdeen LFC Women,7.43,5.47,1.33,2026-08-05 07:14:28,9:30 pm,Wed 05/08
Football / International / UEFA Champions League Women,Slavia Prague Women,Rangers LFC Women,2.31,3.62,2.93,2026-08-05 07:14:28,9:30 pm,Wed 05/08
"Football / Scotland / Premier League Cup, Women",Hamilton Academical WFC Women,Livingston Wfc Women,1.16,7.96,11.65,2026-08-05 07:14:28,9:45 pm,Wed 05/08
"Football / Scotland / Premier League Cup, Women",Motherwell LFC Women,Gartcairn Wfc Women,1.12,9.12,15.53,2026-08-05 07:14:28,9:45 pm,Wed 05/08
"Football / Ireland / National League, Women",Shelbourne LFC Women,Cork City Wfc Women,1.07,9.0,20.0,2026-08-05 07:14:28,9:45 pm,Wed 05/08
Football / International / Central American and Caribbean Games,Mexico U21,Panama U21,1.51,4.2,5.0,2026-08-05 07:14:28,10:00 pm,Wed 05/08
"Football / Scotland / Premier League Cup, Women",St Johnstone Wfc Women,Montrose FC Women,11.68,7.4,1.18,2026-08-05 07:14:28,10:00 pm,Wed 05/08
Football / Bolivia / Division Profesional,GV Club Deportivo San Jose de Oruro,San Antonio Bulo Bulo,1.71,4.17,4.07,2026-08-05 07:14:28,10:00 pm,Wed 05/08
Football / International / Club Friendly Games,RCD Mallorca,Paris Saint-Germain,3.63,4.18,1.87,2026-08-05 07:14:28,10:00 pm,Wed 05/08
Football / International / UEFA Champions League Women,Juventus Turin Women,SCU Torreense Women,1.25,6.71,9.67,2026-08-05 07:14:28,10:00 pm,Wed 05/08
Football / Iceland / Besta deild,FH Hafnarfjordur,KR Reykjavik,3.76,4.55,1.77,2026-08-05 07:14:28,10:15 pm,Wed 05/08
Football / Peru / Liga Femenina,Universidad San Antonio Abad Women,Atletico Andahuaylas Women,6.11,4.78,1.39,2026-08-05 07:14:28,11:00 pm,Wed 05/08
"Football / International / Africa Cup of Nations, Women",Egypt Women,Nigeria Women,39.49,12.83,1.06,2026-08-05 07:14:28,11:00 pm,Wed 05/08
"Football / International / Africa Cup of Nations, Women",Malawi Women,Zambia Women,3.32,3.61,2.12,2026-08-05 07:14:28,11:00 pm,Wed 05/08
Football / Ecuador / Copa Ecuador,Vinotinto FC Ecuador,CD Universidad Catolica del Ecuador,3.68,3.24,2.04,2026-08-05 07:14:28,11:00 pm,Wed 05/08
Football / Brazil / Copa Rio,AA Portuguesa RJ,Madureira RJ,1.57,3.59,5.74,2026-08-05 07:14:28,1:00 am,Thu 06/08
Football / Bolivia / Division Profesional,CA Nacional Potosi,The Strongest,2.28,3.87,2.68,2026-08-05 07:14:28,1:00 am,Thu 06/08
Football / Chile / Copa Chile,Santiago Wanderers,Deportes Union La Calera,3.76,3.52,2.0,2026-08-05 07:14:28,1:00 am,Thu 06/08
Football / Argentina / Liga Profesional,Boca Juniors,Estudiantes de La Plata,2.11,3.01,4.12,2026-08-05 07:14:28,1:00 am,Thu 06/08
Football / Brazil / Copa do Brasil,Cruzeiro EC MG,Chapecoense SC,1.31,5.37,9.97,2026-08-05 07:14:28,1:00 am,Thu 06/08
Football / Chile / Copa Chile,Union San Felipe,Universidad de Chile,6.15,4.56,1.5,2026-08-05 07:14:28,1:00 am,Thu 06/08
Football / Brazil / Copa Governo do Estado de Sergipe,Falcon SE,Desportiva Aracaju SE,1.54,3.75,5.4,2026-08-05 07:14:28,1:00 am,Thu 06/08
Football / International / U20 CONCACAF Championship,Canada U20,Jamaica U20,1.74,3.89,4.18,2026-08-05 07:14:28,1:30 am,Thu 06/08
Football / Venezuela / Primera Division,Deportivo La Guaira,Metropolitanos FC,1.87,3.31,4.29,2026-08-05 07:14:28,1:30 am,Thu 06/08
Football / Brazil / Copa Governo do Estado de Sergipe,Lagarto FC SE,AA Guarany SE,1.39,4.1,7.2,2026-08-05 07:14:28,1:30 am,Thu 06/08
Football / Brazil / Copa do Brasil,Gremio FB Porto Alegrense RS,Mirassol FC SP,2.07,3.21,3.92,2026-08-05 07:14:28,1:30 am,Thu 06/08
Football / International / Central American and Caribbean Games,Colombia U21,Venezuela U21,1.48,4.4,5.0,2026-08-05 07:14:28,2:00 am,Thu 06/08
Football / Uruguay / Primera Division,CA Penarol Montevideo,Montevideo Wanderers,1.63,3.82,5.76,2026-08-05 07:14:28,2:00 am,Thu 06/08
Football / USA / USL League One,Richmond Kickers,New York Cosmos,2.68,3.6,2.39,2026-08-05 07:14:28,2:00 am,Thu 06/08
Football / Argentina / Primera Nacional,Quilmes AC,Gimnasia y Esgrima de Jujuy,2.13,3.1,3.85,2026-08-05 07:14:28,2:00 am,Thu 06/08
"Football / Colombia / Primera A, Apertura",Internacional de Bogota.,Jaguares de Cordoba,1.62,3.79,5.98,2026-08-05 07:14:28,2:15 am,Thu 06/08
Football / International / Leagues Cup,CF Monterrey,Orlando City SC,2.29,3.91,2.8,2026-08-05 07:14:28,2:30 am,Thu 06/08
Football / USA / USL League One,FC Naples,Av Alta FC,2.25,3.4,3.01,2026-08-05 07:14:28,2:30 am,Thu 06/08
Football / International / Leagues Cup,Inter Miami CF,Atletico San Luis,1.39,5.65,6.46,2026-08-05 07:14:28,2:30 am,Thu 06/08
Football / Bolivia / Division Profesional,Club Bolivar,Oriente Petrolero,1.15,7.7,13.9,2026-08-05 07:14:28,3:00 am,Thu 06/08
Football / International / CONCACAF Central American Cup,Umecit,CD Olimpia Tegucigalpa,3.6,3.15,1.99,2026-08-05 07:14:28,3:00 am,Thu 06/08
Football / Colombia / Copa Colombia,Independiente Santa Fe,Union Magdalena,1.59,3.79,5.63,2026-08-05 07:14:28,3:00 am,Thu 06/08
Football / Argentina / Liga Profesional,CA Tigre,CA Belgrano de Cordoba,2.56,2.83,3.27,2026-08-05 07:14:28,3:15 am,Thu 06/08
Football / International / Leagues Cup,FC Dallas,Queretaro FC,1.8,4.04,4.07,2026-08-05 07:14:28,3:30 am,Thu 06/08
Football / USA / USL Championship,FC Tulsa,Sacramento Republic FC,2.83,3.32,2.53,2026-08-05 07:14:28,3:30 am,Thu 06/08
Football / International / Leagues Cup,Nashville SC,Club Leon,1.64,4.17,5.03,2026-08-05 07:14:28,3:30 am,Thu 06/08
Football / Chile / Copa Chile,Deportes Iquique,Deportes Limache,2.71,3.8,2.39,2026-08-05 07:14:28,3:30 am,Thu 06/08
Football / Brazil / Copa do Brasil,Fluminense FC RJ,CR Vasco da Gama RJ,2.19,3.2,3.56,2026-08-05 07:14:28,3:30 am,Thu 06/08
Football / Brazil / Copa do Brasil,Fortaleza EC CE,SE Palmeiras SP,4.75,3.6,1.78,2026-08-05 07:14:28,3:30 am,Thu 06/08
Football / Chile / Copa Chile,Coquimbo Unido,San Marcos de Arica,1.5,4.36,6.54,2026-08-05 07:14:28,3:30 am,Thu 06/08
Football / USA / USL Championship,El Paso Locomotive FC,Monterey Bay FC,1.73,4.05,4.45,2026-08-05 07:14:28,4:00 am,Thu 06/08
"Football / Colombia / Primera A, Apertura",CD Once Caldas,America de Cali,2.1,3.39,3.59,2026-08-05 07:14:28,4:30 am,Thu 06/08
Football / International / U20 CONCACAF Championship,Mexico U20,Panama U20,1.5,4.29,5.85,2026-08-05 07:14:28,5:00 am,Thu 06/08
Football / International / Leagues Cup,Deportivo Toluca FC,Seattle Sounders,1.33,5.41,8.91,2026-08-05 07:14:28,5:00 am,Thu 06/08
Football / International / CONCACAF Central American Cup,Alianza FC San Salvador,CS Herediano,2.19,3.25,2.95,2026-08-05 07:14:28,5:00 am,Thu 06/08
Football / USA / National Womens Soccer League,Denver Summit FC Women,North Carolina Courage Women,2.43,3.5,2.68,2026-08-05 07:14:28,5:00 am,Thu 06/08
Football / USA / USL Championship,Las Vegas Lights,Oakland Roots SC,2.43,3.43,2.88,2026-08-05 07:14:28,5:30 am,Thu 06/08
Football / International / Leagues Cup,Los Angeles FC,CD Guadalajara,2.51,3.48,2.74,2026-08-05 07:14:28,5:30 am,Thu 06/08
Football / India / Calcutta Premier Div.,Bidhannagar Msa,Bss Sporting Club,5.4,4.1,1.48,2026-08-05 07:14:28,12:30 pm,Thu 06/08
Football / Australia / South Australia State League 1,Salisbury United,South Adelaide FC,1.68,4.47,3.98,2026-08-05 07:14:28,1:00 pm,Thu 06/08
Football / Mozambique / Mocambola,Ferroviario de Maputo,Baia de Pemba FC,1.64,3.15,5.6,2026-08-05 07:14:28,3:45 pm,Thu 06/08
Football / International / UEFA Conference League,FC Inter Turku,FC Vaduz,1.99,3.75,3.55,2026-08-05 07:14:28,6:00 pm,Thu 06/08
Football / Finland / Kolmonen,Toolon Taisto,Valtti,2.52,3.9,2.29,2026-08-05 07:14:28,6:00 pm,Thu 06/08
Football / International / UEFA Europa League,Kuopion Palloseura,CS Universitatea Craiova,3.88,3.45,1.99,2026-08-05 07:14:28,6:00 pm,Thu 06/08
Football / Finland / Kolmonen,Jyty Turku,KaaPo,4.1,4.58,1.59,2026-08-05 07:14:28,6:15 pm,Thu 06/08
Football / Finland / Kolmonen,Kultsu FC,HaPK Edustus,1.41,5.34,5.15,2026-08-05 07:14:28,6:30 pm,Thu 06/08
Football / Finland / Kolmonen,Mikkelin Pallo-Kissat,Lautp,1.22,6.88,7.84,2026-08-05 07:14:28,6:45 pm,Thu 06/08
Football / Denmark / DBU Pokalen,Naestved BK,Hvidovre IF,3.53,3.98,1.94,2026-08-05 07:14:28,7:00 pm,Thu 06/08
Football / International / UEFA Conference League,HJK Helsinki,Motherwell FC,2.43,3.46,2.86,2026-08-05 07:14:28,7:00 pm,Thu 06/08
Football / International / UEFA Conference League,FK Jablonec,FC RFS,1.7,3.8,5.0,2026-08-05 07:14:28,7:00 pm,Thu 06/08
Football / International / UEFA Europa League,Maccabi Tel Aviv FC,PFC CSKA Sofia,2.0,3.41,3.89,2026-08-05 07:14:28,7:00 pm,Thu 06/08
Football / Finland / Kolmonen,EIF Akademi,Espoon Palloseura Reserve,1.05,11.45,20.04,2026-08-05 07:14:28,7:00 pm,Thu 06/08
Football / International / UEFA Conference League,FC Noah Yerevan,FC Sion,2.9,3.49,2.39,2026-08-05 07:14:28,7:00 pm,Thu 06/08
Football / International / UEFA Conference League,Paide Linnameeskond,SK Rapid,12.45,6.57,1.22,2026-08-05 07:14:28,7:00 pm,Thu 06/08
Football / International / UEFA Europa League,Jagiellonia Bialystok,Glasgow Rangers,3.14,3.31,2.33,2026-08-05 07:14:28,7:00 pm,Thu 06/08
Football / International / UEFA Conference League,FC CFR 1907 Cluj,Tromsoe IL,2.74,3.35,2.59,2026-08-05 07:14:28,7:30 pm,Thu 06/08
Football / International / Club Friendly Games,Real Zaragoza,FC Andorra,3.67,3.42,2.06,2026-08-05 07:14:28,7:30 pm,Thu 06/08
Football / International / UEFA Europa League,FC Salzburg,Pafos FC,1.53,4.45,5.8,2026-08-05 07:14:28,8:00 pm,Thu 06/08
Football / International / UEFA Conference League,IFK Goteborg,KAA Gent,3.28,3.48,2.18,2026-08-05 07:14:28,8:00 pm,Thu 06/08
Football / International / UEFA Conference League,Debreceni VSC,FC Copenhagen,4.61,3.78,1.76,2026-08-05 07:14:28,8:00 pm,Thu 06/08
Football / International / UEFA Conference League,RKS Rakow Czestochowa,Hammarby IF,2.23,3.44,3.21,2026-08-05 07:14:28,8:00 pm,Thu 06/08
Football / International / UEFA Europa League,Lincoln Red Imps,AC Omonia Nicosia,5.71,4.44,1.54,2026-08-05 07:14:28,8:00 pm,Thu 06/08
Football / Iceland / Iceland League U19,Thor/THK/Volsungur U19,Throttur/SR/Hamar U19,1.76,4.34,3.7,2026-08-05 07:14:28,8:00 pm,Thu 06/08
Football / International / UEFA Europa League,FC Hradec Kralove,Besiktas Istanbul,3.97,3.52,1.94,2026-08-05 07:14:28,8:00 pm,Thu 06/08
Football / International / UEFA Conference League,Riga FC,WKW ETO FC Gyor,2.13,3.48,3.42,2026-08-05 07:14:28,8:00 pm,Thu 06/08
Football / Finland / Kolmonen,PPJ/Ruoholahti,Hoogee,1.91,4.2,3.05,2026-08-05 07:14:28,8:00 pm,Thu 06/08
Football / International / UEFA Europa League,KKS Lech Poznan,KI Klaksvik,1.19,7.35,13.3,2026-08-05 07:14:28,8:00 pm,Thu 06/08
Football / International / UEFA Conference League,FC Dynamo Kyiv,Qarabag FK,2.14,3.51,3.35,2026-08-05 07:14:28,8:00 pm,Thu 06/08
Football / Finland / Kolmonen,FC Lasten,Tampereen Peli-Toverit,1.05,10.5,23.85,2026-08-05 07:14:28,8:00 pm,Thu 06/08
Football / International / UEFA Conference League,FC Sheriff Tiraspol,FC St. Gallen 1879,3.72,3.68,1.96,2026-08-05 07:14:28,8:00 pm,Thu 06/08
Football / International / UEFA Conference League,Vilnius FK Zalgiris,HNK Hajduk Split,3.78,3.65,1.95,2026-08-05 07:14:28,8:00 pm,Thu 06/08
Football / International / UEFA Conference League,Inter Club de Escaldes,Tallinna FC Flora,1.98,3.52,3.81,2026-08-05 07:14:28,8:00 pm,Thu 06/08
Football / International / UEFA Conference League,Beitar Jerusalem FC,FK Austria Wien,2.36,3.44,2.98,2026-08-05 07:14:28,8:30 pm,Thu 06/08
Football / Finland / Kolmonen,Mps,GrIFK/Akatemia U23,2.73,3.93,2.13,2026-08-05 07:14:28,8:30 pm,Thu 06/08
Football / International / UEFA Europa League,PAOK Thessaloniki,RSC Anderlecht,1.65,3.92,5.35,2026-08-05 07:14:28,8:45 pm,Thu 06/08
Football / International / Club Friendly Games,Real Jaen CF,Cordoba CF,3.4,3.4,2.08,2026-08-05 07:14:28,9:00 pm,Thu 06/08
Football / International / UEFA Conference League,Hapoel Tel Aviv FC,GKS Katowice,2.16,3.47,3.34,2026-08-05 07:14:28,9:00 pm,Thu 06/08
Football / International / Club Friendly Games,UD Lanzarote,Arenas Club Getxo,9.12,5.24,1.3,2026-08-05 07:14:28,9:00 pm,Thu 06/08
Football / International / UEFA Conference League,FC Twente Enschede,DAC 1904 Dunajska Streda,1.2,7.3,13.0,2026-08-05 07:14:28,9:00 pm,Thu 06/08
Football / International / UEFA Europa League,FC Thun,Vikingur Reykjavik,1.38,5.49,6.9,2026-08-05 07:14:28,9:00 pm,Thu 06/08
Football / International / UEFA Conference League,Ajax Amsterdam,Shelbourne FC,1.05,13.87,40.08,2026-08-05 07:14:28,9:00 pm,Thu 06/08
Football / International / Club Friendly Games,AS Monaco,Getafe CF,1.88,3.81,3.91,2026-08-05 07:14:28,9:00 pm,Thu 06/08
Football / International / Club Friendly Games,CF Lorca Deportiva,Aguilas FC,3.5,3.3,2.08,2026-08-05 07:14:28,9:30 pm,Thu 06/08
Football / International / UEFA Conference League,SC Braga,FC Dinamo Minsk,1.08,10.95,30.71,2026-08-05 07:14:28,9:30 pm,Thu 06/08
Football / International / UEFA Conference League,FC Lugano,NSI Runavik,1.09,10.7,26.38,2026-08-05 07:14:28,9:30 pm,Thu 06/08
Football / International / Club Friendly Games,Dos Hermanas CF 1971,CA Antoniano,2.86,3.1,2.52,2026-08-05 07:14:28,9:30 pm,Thu 06/08
Football / International / UEFA Conference League,FK Borac Banja Luka,Maxline Vitebsk,1.83,3.58,4.47,2026-08-05 07:14:28,9:30 pm,Thu 06/08
Football / International / Club Friendly Games,Cavese 1919,Juve Stabia,6.03,3.89,1.55,2026-08-05 07:14:28,9:30 pm,Thu 06/08
Football / International / UEFA Conference League,Valur Reykjavik,FC Nordsjaelland,9.88,6.19,1.27,2026-08-05 07:14:28,9:30 pm,Thu 06/08
Football / England / EFL Cup,Bristol City,Walsall FC,1.41,5.41,7.7,2026-08-05 07:14:28,9:45 pm,Thu 06/08
Football / International / UEFA Conference League,Bohemians Dublin FC,FC Midtjylland,7.53,5.11,1.39,2026-08-05 07:14:28,9:45 pm,Thu 06/08
Football / International / UEFA Conference League,HNK Rijeka,Tampereen Ilves,1.13,8.63,21.85,2026-08-05 07:14:28,9:45 pm,Thu 06/08
Football / International / UEFA Conference League,SP Tre Fiori,FC Drita,9.76,5.62,1.3,2026-08-05 07:14:28,10:00 pm,Thu 06/08
Football / International / UEFA Conference League,Hibernian FC,Shkendija Tetovo,1.45,4.54,7.02,2026-08-05 07:14:28,10:00 pm,Thu 06/08
Football / Bolivia / Division Profesional,FC Universitario de Vinto,Real Potosi,2.28,3.67,2.78,2026-08-05 07:14:28,10:00 pm,Thu 06/08
Football / International / UEFA Conference League,FK Partizan Belgrade,Tobol Kostanay,1.34,5.18,8.84,2026-08-05 07:14:28,10:00 pm,Thu 06/08
Football / Colombia / Primera B,Real Cundinamarca,Boca Juniors de Cali,1.83,3.25,4.66,2026-08-05 07:14:28,10:00 pm,Thu 06/08
Football / International / UEFA Europa League,SL Benfica,Heart of Midlothian FC,1.09,10.88,22.85,2026-08-05 07:14:28,10:00 pm,Thu 06/08
"Football / Iceland / 1. deild, Women",KR Reykjavik Women,Grotta Women,2.38,4.06,2.48,2026-08-05 07:14:28,10:15 pm,Thu 06/08
"Football / Iceland / Besta deild, Women",Stjarnan Women,Throttur Reykjavik Women,1.77,4.07,3.87,2026-08-05 07:14:28,10:15 pm,Thu 06/08
Football / Iceland / 4. deild,Hafnir,Arborg,13.0,8.75,1.11,2026-08-05 07:14:28,10:15 pm,Thu 06/08
Football / Iceland / 1. deild,IR Reykjavik,KF Aegir,1.6,4.67,4.76,2026-08-05 07:14:28,10:15 pm,Thu 06/08
Football / Peru / Primera Division,Alianza Atletico,Cienciano,2.26,3.27,3.32,2026-08-05 07:14:28,11:00 pm,Thu 06/08
"Football / International / Africa Cup of Nations, Women",Mali Women,Ghana Women,5.15,3.92,1.67,2026-08-05 07:14:28,11:00 pm,Thu 06/08
"Football / International / Africa Cup of Nations, Women",Cape Verde Women,Cameroon Women,8.5,4.55,1.4,2026-08-05 07:14:28,11:00 pm,Thu 06/08
Football / Venezuela / Primera Division,Estudiantes de Merida,Zamora FC,2.53,3.17,2.78,2026-08-05 07:14:28,11:00 pm,Thu 06/08
Football / Colombia / Primera B,Atletico FC Cali,CD Real Santander,2.28,3.46,2.92,2026-08-05 07:14:28,12:00 am,Fri 07/08
Football / Colombia / Primera B,Bogota FC,Itagui Leones FC,1.8,3.5,4.38,2026-08-05 07:14:28,12:30 am,Fri 07/08
"Football / Mexico / Liga de Expansion MX, Apertura",Tlaxcala FC,Alebrijes de Oaxaca FC,1.65,3.84,4.87,2026-08-05 07:14:28,1:00 am,Fri 07/08
Football / Argentina / Liga Profesional,Union de Santa Fe,CA Lanus,2.32,3.11,3.37,2026-08-05 07:14:28,1:00 am,Fri 07/08
Football / Brazil / Copa do Brasil,EC Vitoria BA,CA Paranaense PR,2.53,3.15,2.96,2026-08-05 07:14:28,2:00 am,Fri 07/08
Football / Brazil / Copa do Brasil,SC Corinthians SP,SC Internacional RS,1.92,3.39,4.26,2026-08-05 07:14:28,2:00 am,Fri 07/08
Football / International / Leagues Cup,New York City FC,Club Santos Laguna,1.58,4.47,5.23,2026-08-05 07:14:28,2:30 am,Fri 07/08
Football / Bolivia / Division Profesional,Blooming Santa Cruz,Always Ready,2.83,3.87,2.18,2026-08-05 07:14:28,2:30 am,Fri 07/08
Football / International / Leagues Cup,CF Cruz Azul,Philadelphia Union,2.48,3.69,2.66,2026-08-05 07:14:28,3:10 am,Fri 07/08
Football / International / Leagues Cup,Chicago Fire,Club Necaxa,1.6,4.35,5.16,2026-08-05 07:14:28,3:30 am,Fri 07/08
"Football / Mexico / Liga de Expansion MX, Apertura",Leones Negros UDEG,CF Correcaminos UAT,1.88,3.75,3.7,2026-08-05 07:14:28,4:00 am,Fri 07/08
Football / International / Leagues Cup,Austin FC,Club Tijuana de Caliente,2.19,3.61,3.16,2026-08-05 07:14:28,4:00 am,Fri 07/08
"Football / Mexico / Liga de Expansion MX, Apertura",CSD Dorados Sinaloa,CD Mineros de Zacatecas,3.06,3.35,2.25,2026-08-05 07:14:28,4:00 am,Fri 07/08
Football / Colombia / Primera B,Real Cartagena FC,Independiente Valle Del Cauca,1.67,3.56,5.27,2026-08-05 07:14:28,4:10 am,Fri 07/08
Football / International / Leagues Cup,CF America,San Diego FC,1.55,4.41,5.64,2026-08-05 07:14:28,5:00 am,Fri 07/08
Football / International / Leagues Cup,Portland Timbers,Club Puebla,1.74,4.09,4.33,2026-08-05 07:14:28,5:30 am,Fri 07/08
Football / Australia / Queensland NPL,Lions FC,Brisbane Roar FC YOUTH,1.19,7.54,12.9,2026-08-05 07:14:28,11:30 am,Fri 07/08
Football / Australia / South Australia NPL,Adelaide Comets FC,North Eastern Metrostars SC,8.37,5.45,1.3,2026-08-05 07:14:28,11:45 am,Fri 07/08
"Football / Australia / Queensland NPL, Women",Gold Coast United FC Women,Capalaba FC Women,1.93,3.65,3.6,2026-08-05 07:14:28,12:30 pm,Fri 07/08
"Football / Australia / Queensland NPL, Women",Gold Coast Knights Women,Eastern Suburbs FC Women,2.39,3.6,2.68,2026-08-05 07:14:28,12:30 pm,Fri 07/08
Football / Australia / South Australia State League 1,Adelaide Croatia Raiders SC,The Cove FC,1.56,4.48,4.87,2026-08-05 07:14:28,12:30 pm,Fri 07/08
Football / Australia / South Australia NPL,Campbelltown City SC,White City FK Beograd,2.58,3.9,2.35,2026-08-05 07:14:28,1:00 pm,Fri 07/08
Football / Australia / South Australia NPL,Adelaide City FC,Playford City,1.57,4.26,5.04,2026-08-05 07:14:28,1:00 pm,Fri 07/08
Football / Japan / J.League,Yokohama F Marinos,Kashima Antlers,3.85,3.49,1.98,2026-08-05 07:14:28,1:25 pm,Fri 07/08
Football / Republic of Korea / K-League 2,Gimpo FC,Chungbuk Cheongju FC,1.75,3.59,4.56,2026-08-05 07:14:28,1:30 pm,Fri 07/08
"Football / Australia / Queensland NPL, Women",Queenland Lions FC Women,Sunshine Coast Wanderers FC Women,1.38,5.23,6.59,2026-08-05 07:14:28,1:30 pm,Fri 07/08
Football / Republic of Korea / K-League 2,Gyeongnam FC,Daegu FC,3.89,3.69,1.85,2026-08-05 07:14:28,1:30 pm,Fri 07/08
Football / Republic of Korea / K-League 2,Suwon Bluewings,Gimhae FC,1.27,5.63,9.51,2026-08-05 07:14:28,1:30 pm,Fri 07/08
Football / Republic of Korea / K-League 2,Yongin FC,Busan IPark,3.74,3.4,1.96,2026-08-05 07:14:28,1:30 pm,Fri 07/08
Football / Japan / J.League,Gamba Osaka,Urawa Red Diamonds,2.36,3.34,3.07,2026-08-05 07:14:28,1:30 pm,Fri 07/08
Football / Republic of Korea / K-League 2,Chungnam Asan FC,Ansan Greeners FC,1.53,4.19,5.65,2026-08-05 07:14:28,1:30 pm,Fri 07/08
Football / Republic of Korea / K-League 2,Hwaseong FC,Seoul E-Land FC,3.02,3.41,2.25,2026-08-05 07:14:28,1:30 pm,Fri 07/08
Football / Australia / Northern Territory Premier League,Hellenic Athletic Club,Casuarina FC,2.75,4.09,2.17,2026-08-05 07:14:28,2:00 pm,Fri 07/08
Football / China / Chinese Super League,Beijing Guoan,Shenzhen Peng City,1.39,5.4,6.8,2026-08-05 07:14:28,2:35 pm,Fri 07/08
Football / International / AFF Championship,Singapore,Indonesia,4.7,3.65,1.63,2026-08-05 07:14:28,4:00 pm,Fri 07/08
Football / International / AFF Championship,Vietnam,Cambodia,1.08,8.2,20.0,2026-08-05 07:14:28,4:00 pm,Fri 07/08
Football / Finland / Ykkosliiga,FC Haka Valkeakoski,JIPPO,2.3,3.46,3.07,2026-08-05 07:14:28,6:00 pm,Fri 07/08
Football / Romania / Liga 2,AFC Unirea 04 Slobozia,CS Gloria Bistrita,2.06,3.19,3.43,2026-08-05 07:14:28,6:00 pm,Fri 07/08
Football / Czech Republic / FNL,SK Slavia Prague B,FK Fotbal Trinec,1.65,3.84,4.87,2026-08-05 07:14:28,6:00 pm,Fri 07/08
Football / Hungary / NB I,MTK Budapest,Puskas Akademia FC Felcsut,2.72,3.61,2.46,2026-08-05 07:14:28,6:30 pm,Fri 07/08
Football / Finland / Kakkonen,FF Jaro Akademia U23,Jakobstads Bollklubb,2.31,4.0,2.55,2026-08-05 07:14:28,6:30 pm,Fri 07/08
Football / Finland / Ykkosliiga,JaPS,Mikkelin Palloilijat,2.22,3.52,3.17,2026-08-05 07:14:28,6:30 pm,Fri 07/08
Football / Czech Republic / FNL,FC Vysocina Jihlava,FK Pribram,2.3,3.3,3.01,2026-08-05 07:14:28,6:45 pm,Fri 07/08
Football / Finland / Veikkausliiga,Seinajoen JK,IF Gnistan,2.2,3.71,3.07,2026-08-05 07:14:28,7:00 pm,Fri 07/08
Football / Czech Republic / FNL,SFC Opava,SK Kladno,1.54,4.2,5.46,2026-08-05 07:14:28,7:00 pm,Fri 07/08
Football / Uruguay / Primera Division,Cerro Largo FC,CA Juventud de Las Piedras,2.78,3.23,2.63,2026-08-05 07:14:28,7:00 pm,Fri 07/08
Football / Poland / I Liga,Polonia Bytom,Pogon Siedlce,1.75,3.87,4.56,2026-08-05 07:14:28,7:00 pm,Fri 07/08
Football / Lithuania / 1 Lyga,FK Jonava,FK Ekranas,1.87,3.45,3.6,2026-08-05 07:14:28,7:00 pm,Fri 07/08
Football / Lithuania / 1 Lyga,Hegelmann Litauen B,FK Garliava,4.1,3.6,1.72,2026-08-05 07:14:28,7:00 pm,Fri 07/08
Football / Czech Republic / FNL,FK Usti nad Labem,FK Arsenal Ceska Lipa,1.52,4.36,5.43,2026-08-05 07:14:28,7:00 pm,Fri 07/08
Football / Finland / Kakkonen,FC Kiffen,Union Plaani,1.24,6.58,9.17,2026-08-05 07:14:28,7:00 pm,Fri 07/08
Football / Finland / Kakkonen,PEPO Lappeenranta,Myllykosken Pallo -47,1.38,5.38,6.18,2026-08-05 07:14:28,7:00 pm,Fri 07/08
Football / Czech Republic / FNL,1.SK Prostejov,MFK Karvina,3.5,3.5,2.0,2026-08-05 07:14:28,7:00 pm,Fri 07/08
Football / Czech Republic / FNL,Dukla Prague,SK Hanacka Slavia Kromeriz,1.55,4.37,5.05,2026-08-05 07:14:28,7:00 pm,Fri 07/08
Football / Czech Republic / FNL,FC Vlasim,FK Viktoria Zizkov,2.01,3.49,3.49,2026-08-05 07:14:28,7:00 pm,Fri 07/08
Football / Finland / Kakkonen,Atlantis FC,Lahden Reipas,1.99,4.5,2.9,2026-08-05 07:14:28,7:00 pm,Fri 07/08
Football / Estonia / Premium Liiga,FC Kuressaare,Harju JK Laagri,2.73,3.97,2.32,2026-08-05 07:14:28,7:00 pm,Fri 07/08
Football / Finland / Kakkonen,PPJ Helsinki,HPS,1.73,4.2,3.95,2026-08-05 07:14:28,7:00 pm,Fri 07/08
Football / Austria / 2. Liga,SKN St Polten,Young Violets Wien,1.47,4.96,5.96,2026-08-05 07:14:28,7:30 pm,Fri 07/08
Football / Austria / 2. Liga,FC Liefering,FC Hertha Wels,2.01,3.86,3.41,2026-08-05 07:14:28,7:30 pm,Fri 07/08
Football / Sweden / Damallsvenskan,AIK DFF Women,IF Brommapojkarna Women,1.79,3.84,3.99,2026-08-05 07:14:28,8:00 pm,Fri 07/08
Football / Norway / Eliteserien,Sandefjord Fotball,KFUM Oslo,2.08,3.63,3.41,2026-08-05 07:14:28,8:00 pm,Fri 07/08
Football / Germany / 3. Liga,SV Waldhof Mannheim 07,Fortuna Dusseldorf,3.26,3.74,2.1,2026-08-05 07:14:28,8:00 pm,Fri 07/08
Football / Czech Republic / 1. Liga,FC Zbrojovka Brno,FC Slovan Liberec,2.62,3.4,2.67,2026-08-05 07:14:28,8:00 pm,Fri 07/08
Football / Sweden / Division 2,Skara FC,Vanersborgs FK,1.56,4.2,4.5,2026-08-05 07:14:28,8:00 pm,Fri 07/08
Football / Sweden / Superettan,Ostersunds FK,GIF Sundsvall,1.51,4.36,6.35,2026-08-05 07:14:28,8:00 pm,Fri 07/08
Football / Denmark / Superliga,Soenderjyske,Viborg FF,3.05,3.7,2.21,2026-08-05 07:14:28,8:00 pm,Fri 07/08
Football / Switzerland / Challenge League,SC Kriens,Yverdon-Sport,3.47,3.82,2.0,2026-08-05 07:14:28,8:30 pm,Fri 07/08
Football / Austria / Bundesliga,SCR Altach,WSG Tirol,2.12,3.33,3.59,2026-08-05 07:14:28,8:30 pm,Fri 07/08
Football / Switzerland / Challenge League,Stade Lausanne Ouchy,FC Rapperswil-Jona,1.48,4.86,5.95,2026-08-05 07:14:28,8:30 pm,Fri 07/08
Football / Switzerland / Challenge League,FC Winterthur,FC Wil 1900,1.97,3.92,3.47,2026-08-05 07:14:28,8:30 pm,Fri 07/08
Football / Sweden / Division 2,Rappe GOIF,IFK Berga,3.05,3.5,2.06,2026-08-05 07:14:28,8:30 pm,Fri 07/08
Football / Faroe Islands / Premier League,07 Vestur Sorvagur,Eb/Streymur,2.33,3.44,2.86,2026-08-05 07:14:28,8:30 pm,Fri 07/08
Football / Sweden / Division 2,Astorps FF,Lindome GIF,1.92,3.95,3.05,2026-08-05 07:14:28,8:30 pm,Fri 07/08
Football / Netherlands / Eredivisie,SC Cambuur,Excelsior Rotterdam,2.63,3.76,2.66,2026-08-05 07:14:28,9:00 pm,Fri 07/08
Football / Netherlands / Eerste Divisie,FC Dordrecht,Jong Ajax Amsterdam YOUTH,1.44,5.12,6.2,2026-08-05 07:14:28,9:00 pm,Fri 07/08
"Football / Iceland / Besta deild, Women",Thor/KA Women,Fram Women,2.03,3.96,3.07,2026-08-05 07:14:28,9:00 pm,Fri 07/08
Football / Romania / Liga I,FC Uta Arad,Rapid Bucuresti 1923,2.58,3.12,2.92,2026-08-05 07:14:28,9:00 pm,Fri 07/08
Football / Netherlands / Eerste Divisie,VVV Venlo,Heracles Almelo,2.88,3.76,2.29,2026-08-05 07:14:28,9:00 pm,Fri 07/08
Football / Peru / Primera Division,Sport Huancayo,Los Chankas CYC,1.61,4.16,5.35,2026-08-05 07:14:28,9:00 pm,Fri 07/08
Football / Netherlands / Eerste Divisie,TOP Oss,NAC Breda,4.54,4.26,1.68,2026-08-05 07:14:28,9:00 pm,Fri 07/08
Football / Netherlands / Eerste Divisie,Vitesse Arnhem,RKC Waalwijk,2.39,3.76,2.73,2026-08-05 07:14:28,9:00 pm,Fri 07/08
Football / Netherlands / Eerste Divisie,FC Emmen,Roda JC Kerkrade,2.29,3.93,2.78,2026-08-05 07:14:28,9:00 pm,Fri 07/08
"Football / Iceland / Besta deild, Women",Grindavik/Njarovik Women,IBV Vestmannaeyjar Women,2.48,3.78,2.48,2026-08-05 07:14:28,9:00 pm,Fri 07/08
Football / Switzerland / Challenge League,Etoile Carouge FC,Neuchatel Xamax,2.53,3.73,2.58,2026-08-05 07:14:28,9:15 pm,Fri 07/08
Football / Switzerland / Challenge League,FC Aarau,FC Stade Nyonnais,1.41,5.14,6.73,2026-08-05 07:14:28,9:15 pm,Fri 07/08
Football / Bulgaria / Parva Liga,PFC Levski Sofia,PFC Lokomotiv Plovdiv,1.34,5.13,9.08,2026-08-05 07:14:28,9:15 pm,Fri 07/08
Football / Scotland / Championship,Partick Thistle FC,Livingston FC,2.44,3.48,2.84,2026-08-05 07:14:28,9:30 pm,Fri 07/08
Football / Austria / 2. Liga,Blau-Weiss Linz,Wacker Innsbruck,1.63,4.36,4.86,2026-08-05 07:14:28,9:30 pm,Fri 07/08
Football / Poland / I Liga,Polonia Warszawa,Ruch Chorzow,2.16,3.51,3.31,2026-08-05 07:14:28,9:30 pm,Fri 07/08
Football / Poland / Ekstraklasa,Wisla Krakow,Wisla Plock,1.83,3.62,4.4,2026-08-05 07:14:28,9:30 pm,Fri 07/08
Football / Germany / 2nd Bundesliga,VfL Bochum,Hertha BSC,2.28,3.6,3.0,2026-08-05 07:14:28,9:30 pm,Fri 07/08
Football / England / EFL Cup,Wycombe Wanderers,Stevenage FC,2.4,3.51,3.12,2026-08-05 07:14:28,9:45 pm,Fri 07/08
Football / Belgium / Pro League,Club Brugge,KV Kortrijk,1.29,6.74,10.0,2026-08-05 07:14:28,9:45 pm,Fri 07/08
Football / France / National,SM Caen,Valenciennes FC,2.23,3.33,3.33,2026-08-05 07:14:28,9:45 pm,Fri 07/08
Football / England / EFL Cup,Wolverhampton Wanderers,Port Vale,1.33,6.29,8.98,2026-08-05 07:14:28,9:45 pm,Fri 07/08
Football / Ireland / First Division,Cork City FC,Kerry FC,1.39,4.48,7.79,2026-08-05 07:14:28,9:45 pm,Fri 07/08
Football / Ireland / First Division,University College Dublin,Wexford FC,2.03,3.54,3.4,2026-08-05 07:14:28,9:45 pm,Fri 07/08
Football / Northern Ireland / Premiership,Cliftonville FC,Crusaders FC,1.5,4.57,5.45,2026-08-05 07:14:28,9:45 pm,Fri 07/08
Football / France / National,Football Bourg-En-Bresse Peronnas 01,FC Villefranche Beaujolais,2.11,3.27,3.71,2026-08-05 07:14:28,9:45 pm,Fri 07/08
Football / Ireland / Premier Division,Derry City FC,Sligo Rovers FC,1.44,4.66,7.14,2026-08-05 07:14:28,9:45 pm,Fri 07/08
Football / Ireland / First Division,Bray Wanderers AFC,Finn Harps FC,1.29,5.63,8.54,2026-08-05 07:14:28,9:45 pm,Fri 07/08
Football / France / National,US Concarneau,US Orleans,2.72,3.26,2.67,2026-08-05 07:14:28,9:45 pm,Fri 07/08
Football / France / National,Paris 13 Atletico,Quevilly-Rouen Metropole,3.27,3.07,2.39,2026-08-05 07:14:28,9:45 pm,Fri 07/08
Football / Ireland / Premier Division,Galway United FC,Drogheda United FC,2.08,3.51,3.51,2026-08-05 07:14:28,9:45 pm,Fri 07/08
Football / Ireland / First Division,Athlone Town AFC,Longford Town FC,2.33,3.35,2.92,2026-08-05 07:14:28,9:45 pm,Fri 07/08
Football / Ireland / First Division,Cobh Ramblers,Treaty United,2.14,3.5,3.16,2026-08-05 07:14:28,9:45 pm,Fri 07/08
Football / England / EFL Cup,Middlesbrough FC,Wrexham AFC,1.86,4.01,4.25,2026-08-05 07:14:28,10:00 pm,Fri 07/08
Football / Ireland / Premier Division,Shamrock Rovers,Dundalk FC,1.69,3.97,4.86,2026-08-05 07:14:28,10:00 pm,Fri 07/08
Football / Portugal / Liga Portugal,Estoril Praia,FC Famalicao,3.04,3.47,2.47,2026-08-05 07:14:28,10:15 pm,Fri 07/08
Football / Iceland / 1. deild,Afturelding,UMF Grindavik,1.58,4.66,4.96,2026-08-05 07:14:28,10:15 pm,Fri 07/08
"Football / Iceland / Besta deild, Women",Valur Reykjavik Women,Vikingur Reykjavik Women,2.58,3.96,2.33,2026-08-05 07:14:28,10:15 pm,Fri 07/08
Football / Iceland / 1. deild,Leiknir Reykjavik,Fylkir Reykjavik,4.65,4.16,1.68,2026-08-05 07:14:28,10:15 pm,Fri 07/08
Football / Peru / Primera Division,Comerciantes Unidos,Cusco FC,3.01,3.26,2.44,2026-08-05 07:14:28,11:15 pm,Fri 07/08
Football / Argentina / Primera B,CA Ituzaingo,Deportivo Camioneros,4.54,3.41,1.87,2026-08-05 07:14:28,1:00 am,Sat 08/08
Football / Argentina / Primera B,Club Comunicaciones,CA Villa San Carlos,2.11,3.27,3.71,2026-08-05 07:14:28,1:00 am,Sat 08/08
Football / Argentina / Liga Profesional,CA Rosario Central,CA Aldosivi,1.52,3.89,7.35,2026-08-05 07:14:28,1:30 am,Sat 08/08
Football / Brazil / Brasileiro Serie B,Operario Ferroviario EC PR,Sao Bernardo FC,1.98,3.25,4.2,2026-08-05 07:14:28,1:30 am,Sat 08/08
Football / Argentina / Primera Nacional,CA Ferrocarril Midland,CD Maipu,1.93,3.15,4.6,2026-08-05 07:14:28,2:00 am,Sat 08/08
Football / Canada / Canadian Premier League,Forge FC Hamilton,Vancouver FC,1.63,3.87,5.03,2026-08-05 07:14:28,2:00 am,Sat 08/08
Football / USA / National Womens Soccer League,Orlando Pride Women,Racing Louisville FC Women,1.68,3.97,4.45,2026-08-05 07:14:28,2:00 am,Sat 08/08
Football / Brazil / Brasileiro Serie B,Ceara SC CE,AA Ponte Preta SP,1.38,4.8,8.59,2026-08-05 07:14:28,2:30 am,Sat 08/08
Football / USA / National Womens Soccer League,Gotham FC Women,San Diego Wave FC Women,2.13,3.17,3.51,2026-08-05 07:14:28,3:00 am,Sat 08/08
Football / Ecuador / LigaPro Primera A,LDU Quito,CSD Independiente del Valle,2.62,3.26,2.77,2026-08-05 07:14:28,3:00 am,Sat 08/08
Football / Chile / Primera Division,CD Universidad Catolica,Cobresal,1.33,5.78,8.17,2026-08-05 07:14:28,3:30 am,Sat 08/08
Football / Argentina / Liga Profesional,Independiente Rivadavia,Estudiantes Rio Cuarto,1.52,3.94,7.17,2026-08-05 07:14:28,3:45 am,Sat 08/08
"Football / Mexico / Liga de Expansion MX, Apertura",Tepatitlan FC,Club Atletico La Paz,1.81,3.6,4.18,2026-08-05 07:14:28,4:00 am,Sat 08/08
Football / Peru / Primera Division,Universitario de Deportes,Sporting Cristal,1.78,3.77,4.46,2026-08-05 07:14:28,4:30 am,Sat 08/08
"Football / Costa Rica / Primera Division, Apertura",CS Cartagines,Sporting FC,1.86,3.41,4.19,2026-08-05 07:14:28,5:00 am,Sat 08/08
Football / Romania / Liga 2,AFC Metalul Buzau,CS Afumati,1.91,3.28,3.81,2026-08-05 07:14:28,11:00 am,Sat 08/08
Football / Uruguay / Primera Division,Central Espanol FC,CA Progreso,2.45,3.17,3.07,2026-08-05 07:14:28,11:00 am,Sat 08/08
Football / Romania / Liga 2,Csa Steaua Bucuresti,Scm Ramnicu Valcea,1.67,3.72,4.49,2026-08-05 07:14:28,11:00 am,Sat 08/08
Football / Romania / Liga 2,Asa Targu Mures,Cetatea 1932 Suceava,1.56,3.72,5.53,2026-08-05 07:14:28,11:00 am,Sat 08/08
Football / Romania / Liga 2,CSC 1599 Selimbar,Stinta Poli Timisoara,3.49,3.25,2.02,2026-08-05 07:14:28,11:00 am,Sat 08/08
Football / Romania / Liga 2,Csm Olimpia Satu Mare,ACSM Resita,4.79,3.64,1.65,2026-08-05 07:14:28,11:00 am,Sat 08/08
Football / Romania / Liga 2,CSM Slatina,CS Dinamo Bucuresti,1.2,6.15,10.57,2026-08-05 07:14:28,11:00 am,Sat 08/08
Football / Romania / Liga 2,CS Concordia Chiajna,FC Bihor Oradea,2.36,3.15,2.87,2026-08-05 07:14:28,11:00 am,Sat 08/08
Football / Romania / Liga 2,Csl Stefanestii de Jos,CSC Dumbravita,2.62,3.14,2.57,2026-08-05 07:14:28,11:00 am,Sat 08/08
Football / Romania / Liga 2,SC Popesti Leordeni,ACS FC Bacau,2.66,3.23,2.47,2026-08-05 07:14:28,11:00 am,Sat 08/08
Football / Australia / Australia Cup,Western Sydney Wanderers,Melbourne Victory,3.05,3.87,2.16,2026-08-05 07:14:28,12:30 pm,Sat 08/08
Football / Japan / J.League,Avispa Fukuoka,Vissel Kobe,3.93,3.21,2.07,2026-08-05 07:14:28,1:00 pm,Sat 08/08
Football / Japan / J.League,Nagoya Grampus,Shimizu S-Pulse,2.09,3.48,3.53,2026-08-05 07:14:28,1:00 pm,Sat 08/08
Football / Portugal / Liga Portugal 2,GD Chaves,Academica de Coimbra,1.95,3.42,4.07,2026-08-05 07:14:28,1:00 pm,Sat 08/08
Football / Japan / J.League,Kashiwa Reysol,Mito Hollyhock,1.59,3.96,6.0,2026-08-05 07:14:28,1:00 pm,Sat 08/08
Football / Japan / J.League,Cerezo Osaka,Fagiano Okayama,1.89,3.67,4.0,2026-08-05 07:14:28,1:00 pm,Sat 08/08
Football / Japan / J.League,FC Tokyo,Machida Zelvia,2.45,3.15,3.08,2026-08-05 07:14:28,1:00 pm,Sat 08/08
Football / Japan / J.League,Sanfrecce Hiroshima,JEF United Chiba,1.47,4.59,6.57,2026-08-05 07:14:28,1:15 pm,Sat 08/08
Football / Republic of Korea / K-League 1,Jeonbuk FC,Jeju SK FC,1.8,3.61,4.61,2026-08-05 07:14:28,1:30 pm,Sat 08/08
Football / Republic of Korea / K-League 1,FC Pohang Steelers,Ulsan HD FC,2.79,3.26,2.6,2026-08-05 07:14:28,1:30 pm,Sat 08/08
Football / Republic of Korea / K-League 2,Seongnam Ilhwa,Cheonan City FC,2.05,3.41,3.45,2026-08-05 07:14:28,1:30 pm,Sat 08/08
Football / Republic of Korea / K-League 1,FC Anyang,Daejeon Citizen FC,2.85,3.36,2.49,2026-08-05 07:14:28,1:30 pm,Sat 08/08
Football / Republic of Korea / K-League 1,Gimcheon Sangmu FC,FC Seoul,3.84,3.6,1.95,2026-08-05 07:14:28,1:30 pm,Sat 08/08
Football / Republic of Korea / K-League 1,Bucheon FC 1995,Gwangju FC,2.01,3.21,4.15,2026-08-05 07:14:28,1:30 pm,Sat 08/08
Football / Sweden / Division 2,Vastra Frolunda IF,Hestrafors IF,1.73,4.0,3.65,2026-08-05 07:14:28,2:00 pm,Sat 08/08
Football / Germany / 2nd Bundesliga,SV Darmstadt 98,Holstein Kiel,2.16,3.64,3.19,2026-08-05 07:14:28,2:00 pm,Sat 08/08
Football / China / Chinese Super League,Qingdao Hainiu FC,Shanghai Shenhua FC,4.5,4.3,1.68,2026-08-05 07:14:28,2:00 pm,Sat 08/08
"Football / Sweden / Ettan, Relegation/Promotion",Ariana FC,Trelleborgs FF,2.81,3.52,2.22,2026-08-05 07:14:28,2:00 pm,Sat 08/08
Football / Sweden / Superettan,Falkenbergs FF,Nordic United FC,2.18,3.63,3.18,2026-08-05 07:14:28,2:00 pm,Sat 08/08
Football / Germany / 2nd Bundesliga,Karlsruher SC,Arminia Bielefeld,2.71,3.81,2.39,2026-08-05 07:14:28,2:00 pm,Sat 08/08
Football / Germany / 2nd Bundesliga,1. FC Magdeburg,Eintracht Braunschweig,1.77,4.01,4.23,2026-08-05 07:14:28,2:00 pm,Sat 08/08
Football / Sweden / Division 2,Onsala BK,IF Boljan Falkenberg,1.69,4.1,3.85,2026-08-05 07:14:28,2:00 pm,Sat 08/08
Football / Poland / II Liga,Podhale Nowy Targ,KS Hutnik Krakow SSA,1.99,3.5,3.55,2026-08-05 07:14:28,2:00 pm,Sat 08/08
Football / Sweden / Superettan,Ljungskile SK,IK Oddevold,2.53,3.47,2.73,2026-08-05 07:14:28,2:00 pm,Sat 08/08
Football / Lithuania / 1 Lyga,FK Tauras Taurage,FC Neptunas Klaipeda,1.99,3.6,3.1,2026-08-05 07:14:28,2:00 pm,Sat 08/08
Football / Germany / 2nd Bundesliga,1. FC Heidenheim,VfL 1899 Osnabruck,1.62,4.22,5.07,2026-08-05 07:14:28,2:00 pm,Sat 08/08
Football / China / Chinese Super League,Zhejiang FC,Wuhan Three Towns FC,1.7,4.19,4.49,2026-08-05 07:14:28,2:35 pm,Sat 08/08
Football / China / Chinese Super League,Dalian Yingbo FC,Liaoning Tieren FC,1.6,4.5,4.9,2026-08-05 07:14:28,2:35 pm,Sat 08/08
Football / England / EFL Cup,Cambridge United,Barnet FC,1.91,3.77,4.28,2026-08-05 07:14:28,3:00 pm,Sat 08/08
Football / Denmark / 1. Division,Aarhus Fremad,HB Koege,1.73,3.96,4.55,2026-08-05 07:14:28,3:00 pm,Sat 08/08
Football / Germany / 3. Liga,FC Ingolstadt 04,FC Wurzburger Kickers,1.63,4.41,4.8,2026-08-05 07:14:28,3:00 pm,Sat 08/08
Football / Germany / 3. Liga,TSV Havelse,VfB Stuttgart II U21,3.26,4.11,2.0,2026-08-05 07:14:28,3:00 pm,Sat 08/08
Football / Lithuania / 1 Lyga,FK Atmosfera,FA Siauliai B,1.3,5.18,7.38,2026-08-05 07:14:28,3:00 pm,Sat 08/08
Football / Sweden / Division 2,Oskarshamns AIK,IFK Karlshamn,1.46,4.3,5.6,2026-08-05 07:14:28,3:00 pm,Sat 08/08
Football / Germany / 3. Liga,FC Viktoria Cologne,Jahn Regensburg,2.4,3.7,2.75,2026-08-05 07:14:28,3:00 pm,Sat 08/08
Football / Germany / 3. Liga,MSV Duisburg,SV Meppen 1912,1.54,4.55,5.53,2026-08-05 07:14:28,3:00 pm,Sat 08/08
Football / Germany / 3. Liga,SV Wehen Wiesbaden,SC Preussen 06 Munster,2.64,3.54,2.58,2026-08-05 07:14:28,3:00 pm,Sat 08/08
Football / Lithuania / 1 Lyga,Baltijos Futbolo Akademija,FK Transinvest B,1.33,4.89,6.99,2026-08-05 07:14:28,3:00 pm,Sat 08/08
Football / Kazakhstan / Premier League,FC Altai Oskemen,FC Kyzylzhar SK,2.28,3.37,3.17,2026-08-05 07:14:28,3:00 pm,Sat 08/08
Football / Uruguay / Primera Division,Liverpool Montevideo,Albion FC,2.08,3.23,3.87,2026-08-05 07:14:28,3:00 pm,Sat 08/08
Football / China / Chinese Super League,Yunnan Yukun,Chengdu Rongcheng,3.3,4.0,2.01,2026-08-05 07:14:28,3:00 pm,Sat 08/08
Football / Norway / Eliteserien,Vaalerenga IF,Bodoe/Glimt,5.84,5.17,1.46,2026-08-05 07:14:28,3:00 pm,Sat 08/08
Football / Finland / Kakkonen,HIFK,Puistolan Urheilijat,1.34,5.59,6.98,2026-08-05 07:14:28,3:00 pm,Sat 08/08
Football / Russian Federation / Premier League,PFK Krylia Sovetov Samara,FC Baltika Kaliningrad,3.16,3.18,2.39,2026-08-05 07:14:28,3:30 pm,Sat 08/08
Football / Poland / Ekstraklasa,RKS Radomiak Radom,Gornik Zabrze,2.95,3.55,2.33,2026-08-05 07:14:28,3:45 pm,Sat 08/08
Football / England / EFL Cup,Queens Park Rangers,Millwall FC,3.13,3.63,2.34,2026-08-05 07:14:28,4:00 pm,Sat 08/08
Football / Kazakhstan / Premier League,Zhetysu Taldykorgan,FC Ordabasy,4.5,3.6,1.82,2026-08-05 07:14:28,4:00 pm,Sat 08/08
Football / Portugal / Liga Portugal 2,FC Penafiel,Portimonense SAD,1.97,3.52,3.87,2026-08-05 07:14:28,4:00 pm,Sat 08/08
Football / Latvia / Virsliga,BFC Daugavpils,FK Tukums 2000/TSS,2.01,3.92,3.38,2026-08-05 07:14:28,4:00 pm,Sat 08/08
Football / Sweden / Damallsvenskan,Eskilstuna United DFF Women,Kristianstads DFF Women,3.36,3.5,2.05,2026-08-05 07:14:28,4:00 pm,Sat 08/08
Football / Sweden / Damallsvenskan,Djurgardens IF DFF Women,IK Uppsala Fotboll Women,1.25,6.03,9.34,2026-08-05 07:14:28,4:00 pm,Sat 08/08
Football / Sweden / Allsvenskan,Orgryte IS,AIK,3.25,3.75,2.1,2026-08-05 07:14:28,4:00 pm,Sat 08/08
Football / International / AFF Championship,Thailand,Myanmar,1.2,5.6,11.0,2026-08-05 07:14:28,4:00 pm,Sat 08/08
Football / Finland / Kakkonen,Musan Salama,Abo IFK Turku,8.97,6.18,1.26,2026-08-05 07:14:28,4:00 pm,Sat 08/08
Football / International / AFF Championship,Malaysia,Philippines,1.41,3.9,7.2,2026-08-05 07:14:28,4:00 pm,Sat 08/08
Football / Sweden / Superettan,Osters IF,Landskrona BoIS,2.38,3.72,2.77,2026-08-05 07:14:28,4:00 pm,Sat 08/08
Football / Austria / 2. Liga,Rapid Wien II,ASK Voitsberg,2.44,3.76,2.67,2026-08-05 07:14:28,4:30 pm,Sat 08/08
Football / Poland / I Liga,Miedz Legnica,Pogon Grodzisk Mazowiecki,2.26,3.61,3.02,2026-08-05 07:14:28,4:30 pm,Sat 08/08
Football / Poland / I Liga,FKS Stal Mielec,ZKS Stal Rzeszow,1.61,4.55,4.75,2026-08-05 07:14:28,4:30 pm,Sat 08/08
Football / Poland / I Liga,Puszcza Niepolomice,Odra Opole,2.3,3.27,3.22,2026-08-05 07:14:28,4:30 pm,Sat 08/08
Football / England / EFL Cup,Leyton Orient London,Oxford United,2.81,3.53,2.61,2026-08-05 07:14:28,5:00 pm,Sat 08/08
Football / England / EFL Cup,Norwich City,Milton Keynes Dons,1.67,4.38,5.13,2026-08-05 07:14:28,5:00 pm,Sat 08/08
Football / England / EFL Cup,Leicester City,Northampton Town,1.31,6.51,9.28,2026-08-05 07:14:28,5:00 pm,Sat 08/08
Football / England / EFL Cup,Swansea City,Birmingham City,3.08,3.68,2.35,2026-08-05 07:14:28,5:00 pm,Sat 08/08
Football / Scotland / League 2,Kelty Hearts FC,Stirling Albion FC,2.33,3.41,2.88,2026-08-05 07:14:28,5:00 pm,Sat 08/08
Football / Iceland / 1. deild,Grotta,Throttur Reykjavik,4.27,4.56,1.68,2026-08-05 07:14:28,5:00 pm,Sat 08/08
Football / England / EFL Cup,Salford City,Shrewsbury Town,1.57,4.4,6.24,2026-08-05 07:14:28,5:00 pm,Sat 08/08
Football / England / EFL Cup,Grimsby Town,Blackpool FC,2.51,3.63,2.87,2026-08-05 07:14:28,5:00 pm,Sat 08/08
Football / England / EFL Cup,Burton Albion,Blackburn Rovers,3.22,3.43,2.38,2026-08-05 07:14:28,5:00 pm,Sat 08/08
Football / England / EFL Cup,Derby County,Lincoln City,2.13,3.9,3.37,2026-08-05 07:14:28,5:00 pm,Sat 08/08
Football / England / EFL Cup,Gillingham FC,Luton Town,4.7,3.98,1.79,2026-08-05 07:14:28,5:00 pm,Sat 08/08
Football / England / EFL Cup,Preston North End,Huddersfield Town,2.3,3.74,3.13,2026-08-05 07:14:28,5:00 pm,Sat 08/08
Football / England / EFL Cup,Cardiff City,Swindon Town,1.37,5.79,8.2,2026-08-05 07:14:28,5:00 pm,Sat 08/08
Football / Finland / Kakkonen,P-Iirot,Grankulla IFK,1.83,4.2,3.5,2026-08-05 07:14:28,5:00 pm,Sat 08/08
"Football / Ireland / National League, Women",Waterford FC Women,Bohemian FC Women,3.75,3.6,1.8,2026-08-05 07:14:28,5:00 pm,Sat 08/08
Football / Slovakia / 2. Liga,1. FC Tatran Presov,MFK Tatran Liptovsky Mikulas,1.98,3.55,3.2,2026-08-05 07:14:28,5:00 pm,Sat 08/08
Football / Scotland / Championship,Arbroath FC,Inverness Caledonian Thistle FC,2.93,3.47,2.38,2026-08-05 07:14:28,5:00 pm,Sat 08/08
Football / Scotland / Championship,Queens Park FC,Raith Rovers FC,3.99,3.5,1.95,2026-08-05 07:14:28,5:00 pm,Sat 08/08
Football / England / EFL Cup,Barnsley FC,Wigan Athletic,2.52,3.6,2.88,2026-08-05 07:14:28,5:00 pm,Sat 08/08
Football / England / EFL Cup,Crewe Alexandra,Accrington Stanley,1.91,3.88,4.16,2026-08-05 07:14:28,5:00 pm,Sat 08/08
Football / Finland / Kakkonen,HJS,Tampereen Ilves 2,2.21,4.08,2.69,2026-08-05 07:14:28,5:00 pm,Sat 08/08
Football / England / EFL Cup,Stockport County FC,Doncaster Rovers,1.76,4.14,4.7,2026-08-05 07:14:28,5:00 pm,Sat 08/08
Football / Scotland / League 1,Queen of the South FC,Peterhead FC,2.77,3.72,2.38,2026-08-05 07:14:28,5:00 pm,Sat 08/08
Football / England / EFL Cup,Sheffield Wednesday,Bolton Wanderers,3.46,3.88,2.1,2026-08-05 07:14:28,5:00 pm,Sat 08/08
Football / England / EFL Cup,Stoke City,Oldham Athletic,1.45,5.38,6.8,2026-08-05 07:14:28,5:00 pm,Sat 08/08
Football / England / EFL Cup,Burnley FC,Notts County,1.61,4.44,5.69,2026-08-05 07:14:28,5:00 pm,Sat 08/08
Football / England / EFL Cup,Watford FC,Crawley Town,1.29,6.57,10.24,2026-08-05 07:14:28,5:00 pm,Sat 08/08
Football / Scotland / League 1,East Fife FC,Cove Rangers FC,2.46,3.32,2.92,2026-08-05 07:14:28,5:00 pm,Sat 08/08
"Football / Sweden / Ettan, Relegation/Promotion",Skovde AIK,Lunds BK,3.29,3.67,1.95,2026-08-05 07:14:28,5:00 pm,Sat 08/08
Football / Norway / Eliteserien,Viking FK,Sarpsborg 08,1.36,5.79,7.06,2026-08-05 07:14:28,5:00 pm,Sat 08/08
Football / England / National League,AFC Fylde,Wealdstone FC,2.08,3.77,3.28,2026-08-05 07:14:28,5:00 pm,Sat 08/08
Football / Scotland / League 2,Dumbarton FC,Clyde FC,3.64,3.69,1.91,2026-08-05 07:14:28,5:00 pm,Sat 08/08
Football / Northern Ireland / Premiership,Linfield FC,Ballymena United,1.7,3.85,4.48,2026-08-05 07:14:28,5:00 pm,Sat 08/08
Football / England / National League,Harrogate Town,Solihull Moors FC,1.61,4.26,5.2,2026-08-05 07:14:28,5:00 pm,Sat 08/08
Football / England / National League,Carlisle United,Worthing FC,1.57,4.37,5.46,2026-08-05 07:14:28,5:00 pm,Sat 08/08
Football / Scotland / League 2,Elgin City FC,Forfar Athletic FC,1.77,3.68,4.26,2026-08-05 07:14:28,5:00 pm,Sat 08/08
Football / Kazakhstan / Premier League,FC Kairat Almaty,FC Zhenis,1.31,5.44,9.9,2026-08-05 07:14:28,5:00 pm,Sat 08/08
Football / Northern Ireland / Premiership,Carrick Rangers,Portadown FC,1.81,3.89,3.84,2026-08-05 07:14:28,5:00 pm,Sat 08/08
Football / Scotland / League 1,Ross County FC,Montrose FC,1.33,5.36,8.94,2026-08-05 07:14:28,5:00 pm,Sat 08/08
Football / England / EFL Cup,Bromley FC,Reading FC,2.28,3.55,3.32,2026-08-05 07:14:28,5:00 pm,Sat 08/08
Football / Denmark / 1. Division,Hobro IK,AB Gladsaxe,2.32,3.71,2.87,2026-08-05 07:14:28,5:00 pm,Sat 08/08
Football / England / EFL Cup,West Ham United,Portsmouth FC,1.55,4.84,5.81,2026-08-05 07:14:28,5:00 pm,Sat 08/08
Football / England / EFL Cup,AFC Wimbledon,Newport County,1.73,4.15,4.89,2026-08-05 07:14:28,5:00 pm,Sat 08/08
Football / England / EFL Cup,Bristol Rovers,Peterborough United,2.53,3.65,2.83,2026-08-05 07:14:28,5:00 pm,Sat 08/08
Football / England / EFL Cup,Fleetwood Town,Chesterfield FC,2.9,3.49,2.56,2026-08-05 07:14:28,5:00 pm,Sat 08/08
Football / England / EFL Cup,Bradford City FC,Rochdale AFC,1.63,4.38,5.55,2026-08-05 07:14:28,5:00 pm,Sat 08/08
"Football / Sweden / Ettan, Relegation/Promotion",FC Trollhattan,Laholms FK,1.7,4.1,3.91,2026-08-05 07:14:28,5:00 pm,Sat 08/08
"Football / Sweden / Ettan, Relegation/Promotion",FC Jarfalla,IF Karlstad Fotbol,4.02,3.83,1.72,2026-08-05 07:14:28,5:00 pm,Sat 08/08
Football / England / National League,Woking FC,Sutton United,1.94,3.89,3.59,2026-08-05 07:14:28,5:00 pm,Sat 08/08
Football / Scotland / Premiership,Dundee FC,Aberdeen FC,2.7,3.52,2.66,2026-08-05 07:14:28,5:00 pm,Sat 08/08
Football / Scotland / Premiership,St Mirren FC,St. Johnstone FC,2.37,3.48,3.11,2026-08-05 07:14:28,5:00 pm,Sat 08/08
Football / Scotland / League 2,Spartans FC,Edinburgh City FC,1.58,4.3,4.88,2026-08-05 07:14:28,5:00 pm,Sat 08/08
Football / Scotland / Championship,Stenhousemuir FC,Greenock Morton FC,2.08,3.56,3.47,2026-08-05 07:14:28,5:00 pm,Sat 08/08
Football / Scotland / League 1,Hamilton Academical FC,Alloa Athletic FC,1.51,4.05,7.11,2026-08-05 07:14:28,5:00 pm,Sat 08/08
Football / Iceland / 1. deild,UMF Njardvik,IF Vestri,1.78,4.15,4.05,2026-08-05 07:14:28,5:00 pm,Sat 08/08
Football / Scotland / League 1,Airdrieonians FC,East Kilbride FC,4.57,3.97,1.73,2026-08-05 07:14:28,5:00 pm,Sat 08/08
Football / Northern Ireland / Premiership,Dungannon Swifts,Coleraine FC,6.42,4.87,1.41,2026-08-05 07:14:28,5:00 pm,Sat 08/08
Football / Finland / Kakkonen,GBK Kokkola,Huima/Urho,2.07,4.3,2.8,2026-08-05 07:14:28,5:00 pm,Sat 08/08
Football / England / National League,Boreham Wood FC,Tamworth FC,1.43,4.94,6.67,2026-08-05 07:14:28,5:00 pm,Sat 08/08
Football / England / National League,Boston United FC,Aldershot Town FC,2.08,3.77,3.28,2026-08-05 07:14:28,5:00 pm,Sat 08/08
Football / Northern Ireland / Premiership,Glentoran FC,Limavady United FC,1.28,5.63,8.93,2026-08-05 07:14:28,5:00 pm,Sat 08/08
Football / Norway / 1st Division,Stabaek IF,Lyn 1896 FK,1.48,5.14,5.53,2026-08-05 07:14:28,5:00 pm,Sat 08/08
Football / Turkey / 1. Lig,Bandirmaspor,Istanbulspor AS,2.22,3.32,3.36,2026-08-05 07:14:28,5:00 pm,Sat 08/08
Football / Finland / Kakkonen,Esbo Bollklubb,Espoon Palloseura,2.5,4.0,2.38,2026-08-05 07:14:28,5:00 pm,Sat 08/08
Football / Scotland / League 2,Stranraer FC,Annan Athletic FC,1.92,3.55,3.75,2026-08-05 07:14:28,5:00 pm,Sat 08/08
Football / Germany / 3. Liga,SG Sonnenhof Grossaspach,Fortuna Cologne,2.41,3.53,2.85,2026-08-05 07:14:28,5:30 pm,Sat 08/08
Football / Portugal / Liga Portugal,Maritimo Madeira,Casa Pia Lisbon,2.54,3.5,2.92,2026-08-05 07:14:28,5:30 pm,Sat 08/08
Football / Netherlands / Eerste Divisie,FC Den Bosch,Almere City FC,2.96,4.01,2.16,2026-08-05 07:14:28,5:30 pm,Sat 08/08
Football / Netherlands / Eredivisie,NEC Nijmegen,SC Telstar,1.49,5.2,6.2,2026-08-05 07:14:28,5:30 pm,Sat 08/08
Football / Finland / Ykkosliiga,SJK Akatemia,PK-35 Helsinki,4.06,3.41,1.96,2026-08-05 07:14:28,6:00 pm,Sat 08/08
Football / Lithuania / 1 Lyga,FK Minija 2017,Be1 Nfa,1.49,4.0,5.6,2026-08-05 07:14:28,6:00 pm,Sat 08/08
Football / Slovakia / 2. Liga,OFK Banik Lehota Pod Vtacnikom,OFK Dynamo Malzenice,2.22,3.45,2.8,2026-08-05 07:14:28,6:00 pm,Sat 08/08
Football / Slovakia / 2. Liga,FC Slovan Galanta,FC Petrzalka,3.9,3.8,1.72,2026-08-05 07:14:28,6:00 pm,Sat 08/08
Football / Finland / Ykkosliiga,KaPa Kapylan Pallo,Ekenas Idrottsforening,2.78,3.48,2.48,2026-08-05 07:14:28,6:00 pm,Sat 08/08
Football / Austria / Bundesliga,Grazer AK 1902,Austria Lustenau,2.09,3.45,3.55,2026-08-05 07:14:28,6:00 pm,Sat 08/08
Football / Russian Federation / Premier League,Lokomotiv Moscow,FK Akron Tolyatti,1.43,5.02,6.55,2026-08-05 07:14:28,6:00 pm,Sat 08/08
Football / Poland / II Liga,Rekord Bielsko Biala,ZKS Stal Stalowa Wola,2.46,3.33,2.75,2026-08-05 07:14:28,6:00 pm,Sat 08/08
Football / Slovakia / 2. Liga,FK Humenne,MFK Zvolen,2.47,3.5,2.44,2026-08-05 07:14:28,6:00 pm,Sat 08/08
Football / Lithuania / 1 Lyga,Dfk Dainava Alytus,FK Babrungas Plunge,3.75,3.35,1.87,2026-08-05 07:14:28,6:00 pm,Sat 08/08
Football / Sweden / Superettan,IFK Norrkoping FK,IK Brage,1.58,4.47,5.17,2026-08-05 07:14:28,6:00 pm,Sat 08/08
Football / Kazakhstan / Premier League,FC Kaspiy Aktau,Ulytau FC,2.29,3.29,3.24,2026-08-05 07:14:28,6:00 pm,Sat 08/08
Football / Czech Republic / 1. Liga,FC Zlin,Bohemians Prague 1905,2.58,3.31,2.78,2026-08-05 07:14:28,6:00 pm,Sat 08/08
Football / Czech Republic / 1. Liga,FK Teplice,FC Viktoria Plzen,4.73,3.75,1.75,2026-08-05 07:14:28,6:00 pm,Sat 08/08
Football / Slovakia / 2. Liga,MFk Bytca,FK Inter Bratislava,3.15,3.5,2.0,2026-08-05 07:14:28,6:00 pm,Sat 08/08
Football / Uruguay / Primera Division,Montevideo City Torque,CA Penarol Montevideo,3.27,3.22,2.31,2026-08-05 07:14:28,6:30 pm,Sat 08/08
Football / Austria / 2. Liga,Schwarz-Weiss Bregenz,Kapfenberger SV,2.07,3.91,3.22,2026-08-05 07:14:28,6:30 pm,Sat 08/08
Football / Austria / 2. Liga,SK Sturm Graz II,FAC Wien,4.75,3.71,1.75,2026-08-05 07:14:28,6:30 pm,Sat 08/08
Football / Austria / 2. Liga,Austria Salzburg,First Vienna FC 1894,2.76,3.45,2.51,2026-08-05 07:14:28,6:30 pm,Sat 08/08
Football / Romania / Liga I,FC Farul Constanta,AFK Csikszereda Miercurea Ciuc,1.55,4.26,5.94,2026-08-05 07:14:28,6:30 pm,Sat 08/08
Football / Sweden / Allsvenskan,Mjallby AIF,IF Elfsborg,2.49,3.4,2.82,2026-08-05 07:14:28,6:30 pm,Sat 08/08
Football / Poland / Ekstraklasa,Pogon Szczecin,LKP Motor Lublin,2.09,3.66,3.35,2026-08-05 07:14:28,6:30 pm,Sat 08/08
Football / Finland / Kakkonen,FC Vaajakoski,VPS Akatemia,2.69,4.39,2.12,2026-08-05 07:14:28,6:30 pm,Sat 08/08
Football / Hungary / NB I,Kisvarda FC,Ujpest FC Budapest,2.63,3.37,2.68,2026-08-05 07:14:28,6:30 pm,Sat 08/08
Football / Poland / II Liga,Zawisza Bydgoszcz,CWKS Resovia,2.0,3.69,3.35,2026-08-05 07:14:28,7:00 pm,Sat 08/08
Football / Slovakia / Superliga,MFK Zemplin Michalovce,KFC Komarno,2.63,3.53,2.58,2026-08-05 07:14:28,7:00 pm,Sat 08/08
Football / Switzerland / Super League,Lausanne-Sport,Young Boys Bern,2.95,4.05,2.16,2026-08-05 07:14:28,7:00 pm,Sat 08/08
Football / Slovakia / Superliga,MFK Ruzomberok,FK Zeleziarne Podbrezova,2.68,3.47,2.58,2026-08-05 07:14:28,7:00 pm,Sat 08/08
Football / Norway / Eliteserien,IK Start,Fredrikstad FK,2.27,3.46,3.12,2026-08-05 07:14:28,7:00 pm,Sat 08/08
Football / Portugal / Liga Portugal 3,SC Covilha,UD Santarem,2.6,2.85,2.75,2026-08-05 07:14:28,7:00 pm,Sat 08/08
Football / Finland / Veikkausliiga,FF Jaro,Vaasan Palloseura,3.67,3.62,1.99,2026-08-05 07:14:28,7:00 pm,Sat 08/08
Football / Estonia / Premium Liiga,JK Narva Trans,Nomme Kalju FC,5.53,4.54,1.54,2026-08-05 07:14:28,7:00 pm,Sat 08/08
Football / Bulgaria / Parva Liga,FC Lokomotiv 1929 Sofia,FC CSKA 1948,2.97,3.32,2.43,2026-08-05 07:14:28,7:00 pm,Sat 08/08
Football / Turkey / 1. Lig,Sivasspor,Esenler Erokspor,3.27,3.52,2.17,2026-08-05 07:14:28,7:00 pm,Sat 08/08
Football / England / EFL Cup,Colchester United,Southampton FC,7.79,5.83,1.38,2026-08-05 07:14:28,7:30 pm,Sat 08/08
Football / England / EFL Cup,Cheltenham Town,Charlton Athletic,5.13,4.28,1.68,2026-08-05 07:14:28,7:30 pm,Sat 08/08
Football / England / EFL Cup,Rotherham United,West Bromwich Albion,6.13,4.75,1.54,2026-08-05 07:14:28,7:30 pm,Sat 08/08
Football / Croatia / HNL,NK Rudes Zagreb,NK Osijek,3.98,3.68,1.9,2026-08-05 07:14:28,7:30 pm,Sat 08/08
Football / Portugal / Liga Portugal 3,CF Os Belenenses,Caldas SC,1.67,3.35,4.9,2026-08-05 07:14:28,7:30 pm,Sat 08/08
Football / Netherlands / Eredivisie,Go Ahead Eagles,Willem II Tilburg,1.73,4.28,4.76,2026-08-05 07:14:28,7:45 pm,Sat 08/08
Football / Portugal / Liga Portugal 2,CD Tondela,Amarante FC,1.57,4.06,5.94,2026-08-05 07:14:28,8:00 pm,Sat 08/08
Football / Portugal / Liga Portugal,Vitoria SC Guimaraes,FC Arouca,1.94,3.71,4.22,2026-08-05 07:14:28,8:00 pm,Sat 08/08
Football / Canada / Canadian Premier League,Atletico Ottawa,HFX Wanderers FC,1.83,3.69,3.98,2026-08-05 07:14:28,8:00 pm,Sat 08/08
Football / Austria / Bundesliga,TSV Hartberg,SK Sturm Graz,5.09,4.07,1.65,2026-08-05 07:14:28,8:30 pm,Sat 08/08
Football / Russian Federation / Premier League,CSKA Moscow,FK Rostov,1.65,3.91,5.34,2026-08-05 07:14:28,8:30 pm,Sat 08/08
Football / Argentina / Liga Profesional,Atletico Tucuman,CA Sarmiento Junin,1.79,3.3,5.32,2026-08-05 07:14:28,8:45 pm,Sat 08/08
Football / Argentina / Liga Profesional,Deportivo Riestra AFBC,Estudiantes de La Plata,3.45,2.74,2.53,2026-08-05 07:14:28,8:45 pm,Sat 08/08
Football / Peru / Primera Division,UTC de Cajamarca,Asociacion Deportiva Tarma,2.23,3.32,3.32,2026-08-05 07:14:28,9:00 pm,Sat 08/08
Football / Argentina / Primera B,CA Talleres de Remedios,Argentino de Merlo,2.06,3.27,3.86,2026-08-05 07:14:28,9:00 pm,Sat 08/08
Football / Argentina / Primera B,CSD Flandria,CD UAI Urquiza,2.34,3.07,3.36,2026-08-05 07:14:28,9:00 pm,Sat 08/08
Football / Argentina / Primera Nacional,Club Almirante Brown,Club Ciudad de Bolivar,2.03,2.85,4.8,2026-08-05 07:14:28,9:00 pm,Sat 08/08
Football / Czech Republic / 1. Liga,FK Mlada Boleslav,Sparta Prague,4.48,4.06,1.72,2026-08-05 07:14:28,9:00 pm,Sat 08/08
Football / Poland / II Liga,KS Lechia Zielona Gora,Sokol Kleczew,2.05,3.7,3.21,2026-08-05 07:14:28,9:00 pm,Sat 08/08
Football / Argentina / Primera B,CA Brown de Adrogue,CA Excursionistas,3.4,3.21,2.25,2026-08-05 07:14:28,9:00 pm,Sat 08/08
Football / Serbia / Superliga,FK Crvena Zvezda Belgrade,FK Novi Pazar,1.13,8.69,21.71,2026-08-05 07:14:28,9:00 pm,Sat 08/08
Football / Argentina / Primera B,Argentino de Quilmes,Real Pilar FC,2.98,3.13,2.53,2026-08-05 07:14:28,9:00 pm,Sat 08/08
Football / Serbia / Superliga,FK Radnicki 1923 Kragujevac,FK Zemun,1.41,4.57,8.15,2026-08-05 07:14:28,9:00 pm,Sat 08/08
Football / Argentina / Primera Nacional,CA Estudiantes,Deportivo Madryn,2.06,3.0,4.3,2026-08-05 07:14:28,9:00 pm,Sat 08/08
Football / Netherlands / Eredivisie,PSV Eindhoven,Fortuna Sittard,1.23,8.52,10.82,2026-08-05 07:14:28,9:00 pm,Sat 08/08
Football / Slovenia / PrvaLiga,NK Celje,Olimpija Ljubljana,2.04,3.76,3.41,2026-08-05 07:14:28,9:15 pm,Sat 08/08
Football / Poland / Ekstraklasa,Korona Kielce,Legia Warszawa,2.85,3.23,2.57,2026-08-05 07:14:28,9:15 pm,Sat 08/08
Football / Poland / I Liga,Podbeskidzie Bielsko-Biała,KS Lechia Gdansk,1.35,5.16,8.73,2026-08-05 07:14:28,9:15 pm,Sat 08/08
Football / Bulgaria / Parva Liga,FC Dunav Ruse,FC Arda Kardzhali,4.07,3.42,1.95,2026-08-05 07:14:28,9:15 pm,Sat 08/08
Football / Slovakia / Superliga,FC Spartak Trnava,MFk Dukla Banska Bystrica,1.38,4.67,8.94,2026-08-05 07:14:28,9:30 pm,Sat 08/08
Football / Romania / Liga I,FC Dinamo Bucuresti 1948,SC FC Voluntari,1.53,4.46,5.74,2026-08-05 07:14:28,9:30 pm,Sat 08/08
Football / Switzerland / Super League,Servette Geneva,Grasshopper Club Zurich,1.57,4.35,5.45,2026-08-05 07:14:28,9:30 pm,Sat 08/08
Football / Germany / 2nd Bundesliga,VFL Wolfsburg,1 FC Kaiserslautern,1.62,4.36,4.87,2026-08-05 07:14:28,9:30 pm,Sat 08/08
Football / Belgium / Pro League,St. Truidense VV,Lommel SK,1.7,4.09,5.27,2026-08-05 07:14:28,9:45 pm,Sat 08/08
Football / Belgium / Pro League,KVC Westerlo,Union Saint-Gilloise,4.57,4.03,1.8,2026-08-05 07:14:28,9:45 pm,Sat 08/08
Football / France / Ligue 2,Pau FC,FC Annecy,2.59,3.48,2.66,2026-08-05 07:14:28,9:45 pm,Sat 08/08
Football / France / Ligue 2,US Boulogne,Nancy-Lorraine,2.48,3.36,2.87,2026-08-05 07:14:28,9:45 pm,Sat 08/08
Football / France / Ligue 2,FC Metz,EA Guingamp,2.09,3.5,3.5,2026-08-05 07:14:28,9:45 pm,Sat 08/08
Football / France / Ligue 2,USL Dunkerque,Grenoble Foot,1.98,3.53,3.81,2026-08-05 07:14:28,9:45 pm,Sat 08/08
Football / France / Ligue 2,Rodez Aveyron Football,Stade Lavallois MFC,2.04,3.47,3.68,2026-08-05 07:14:28,9:45 pm,Sat 08/08
Football / France / Ligue 2,Sochaux-Montbeliard,AS Saint-Etienne,3.72,3.5,2.02,2026-08-05 07:14:28,9:45 pm,Sat 08/08
Football / France / Ligue 2,Montpellier HSC,Dijon FCO,1.97,3.44,3.96,2026-08-05 07:14:28,9:45 pm,Sat 08/08
Football / France / Ligue 2,Clermont Foot 63,Stade Reims,3.83,3.46,2.0,2026-08-05 07:14:28,9:45 pm,Sat 08/08
Football / France / Ligue 2,FC Nantes,Red Star FC,1.87,3.51,4.36,2026-08-05 07:14:28,9:45 pm,Sat 08/08
Football / Croatia / HNL,NK Lokomotiva Zagreb,HNK Gorica,2.22,3.41,3.27,2026-08-05 07:14:28,10:00 pm,Sat 08/08
"Football / Colombia / Primera A, Apertura",Independiente Santa Fe,Boyaca Chico FC,1.41,4.37,8.94,2026-08-05 07:14:28,10:00 pm,Sat 08/08
Football / Netherlands / Eredivisie,AZ Alkmaar,ADO Den Haag,1.52,5.01,6.05,2026-08-05 07:14:28,10:00 pm,Sat 08/08
Football / Brazil / Brasileiro Serie A,Gremio FB Porto Alegrense RS,Sao Paulo FC SP,2.43,3.27,3.01,2026-08-05 07:14:28,10:00 pm,Sat 08/08
Football / Brazil / Brasileiro Serie B,Vila Nova FC GO,SC Recife PE,2.27,3.15,3.4,2026-08-05 07:14:28,10:00 pm,Sat 08/08
Football / Chile / Primera Division,Huachipato,CD Everton Vina del Mar,2.26,3.39,3.19,2026-08-05 07:14:28,10:00 pm,Sat 08/08
Football / Portugal / Liga Portugal,Estrela Amadora,Sporting CP,11.57,7.06,1.26,2026-08-05 07:14:28,10:30 pm,Sat 08/08
Football / Argentina / Primera Nacional,CA Colegiales,CA Patronato Parana,2.06,2.89,4.59,2026-08-05 07:14:28,11:00 pm,Sat 08/08
Football / Argentina / Primera Nacional,CA Racing de Cordoba,CA San Miguel,2.11,2.85,4.4,2026-08-05 07:14:28,11:00 pm,Sat 08/08
Football / Argentina / Primera Nacional,San Martin de Tucuman,San Martin de San Juan,2.14,2.9,4.2,2026-08-05 07:14:28,11:00 pm,Sat 08/08
Football / Argentina / Primera Nacional,Atletico de Rafaela,Chacarita Juniors,2.19,2.9,4.0,2026-08-05 07:14:28,11:00 pm,Sat 08/08
Football / Argentina / Primera Nacional,Colon de Santa Fe,CA San Telmo,1.55,3.8,7.0,2026-08-05 07:14:28,11:00 pm,Sat 08/08
Football / Argentina / Primera Nacional,Mitre Santiago del Estero,CA Defensores de Belgrano,2.34,2.85,3.69,2026-08-05 07:14:28,11:00 pm,Sat 08/08
Football / Argentina / Primera Nacional,Agropecuario Argentino,CA Guemes,1.79,3.35,5.2,2026-08-05 07:14:28,11:00 pm,Sat 08/08
Football / Argentina / Liga Profesional,CA Tigre,CA River Plate (ARG),3.49,2.99,2.33,2026-08-05 07:14:28,11:00 pm,Sat 08/08
Football / Argentina / Primera Nacional,Quilmes AC,Club Almagro,1.61,3.5,7.0,2026-08-05 07:14:28,11:00 pm,Sat 08/08
Football / Peru / Primera Division,Juan Pablo II College,Atletico Grau,2.28,3.17,3.37,2026-08-05 07:14:28,11:30 pm,Sat 08/08
Football / USA / Major League Soccer,New England Revolution,Houston Dynamo,2.44,3.51,2.81,2026-08-05 07:14:28,11:30 pm,Sat 08/08
Football / Canada / Canadian Premier League,Pacific FC,Inter Toronto FC,2.34,3.64,2.72,2026-08-05 07:14:28,12:00 am,Sun 09/08
"Football / Colombia / Primera A, Apertura",Fortaleza FC,Cucuta Deportivo FC,1.74,3.67,4.96,2026-08-05 07:14:28,12:20 am,Sun 09/08
Football / Brazil / Brasileiro Serie A,Clube do Remo PA,Atletico Mineiro MG,2.99,3.27,2.44,2026-08-05 07:14:28,12:30 am,Sun 09/08
Football / Ecuador / LigaPro Primera A,SD Aucas,Leones Futbol Club,1.7,3.63,5.37,2026-08-05 07:14:28,12:30 am,Sun 09/08
Football / Brazil / Brasileiro Serie B,Botafogo FC SP,America FC MG,1.93,3.2,4.5,2026-08-05 07:14:28,12:30 am,Sun 09/08
Football / Chile / Primera Division,Coquimbo Unido,Deportes La Serena,1.53,4.39,5.99,2026-08-05 07:14:28,12:30 am,Sun 09/08
Football / Argentina / Liga Profesional,Boca Juniors,Velez Sarsfield,1.78,3.3,5.41,2026-08-05 07:14:28,1:15 am,Sun 09/08
Football / USA / USL Championship,Loudoun United FC,Charleston Battery,3.98,3.88,1.85,2026-08-05 07:14:28,2:00 am,Sun 09/08
"Football / Mexico / Liga de Expansion MX, Apertura",Venados FC,CD Tapatio,1.85,3.59,3.98,2026-08-05 07:14:28,2:00 am,Sun 09/08
Football / USA / USL Championship,Brooklyn FC,Birmingham Legion FC,2.21,3.68,3.08,2026-08-05 07:14:28,2:00 am,Sun 09/08
Football / USA / USL Championship,Lexington SC,Phoenix Rising FC,1.94,3.81,3.67,2026-08-05 07:14:28,2:00 am,Sun 09/08
"Football / Colombia / Primera A, Apertura",CD Tolima,Internacional de Bogota.,1.47,4.21,7.68,2026-08-05 07:14:28,2:25 am,Sun 09/08
Football / Brazil / Brasileiro Serie A,Coritiba FC PR,Chapecoense SC,1.64,3.9,5.41,2026-08-05 07:14:28,2:30 am,Sun 09/08
Football / USA / USL Championship,Rhode Island FC,Colorado Springs Switchbacks FC,2.2,3.41,3.31,2026-08-05 07:14:28,2:30 am,Sun 09/08
Football / USA / USL Championship,Louisville City FC,San Antonio FC,1.43,4.84,6.91,2026-08-05 07:14:28,3:00 am,Sun 09/08
Football / Brazil / Brasileiro Serie A,Botafogo FR RJ,Fluminense FC RJ,2.63,3.21,2.79,2026-08-05 07:14:28,3:00 am,Sun 09/08
Football / Canada / Canadian Premier League,FC Supra Du Quebec,Cavalry FC,5.07,4.1,1.59,2026-08-05 07:14:28,3:00 am,Sun 09/08
Football / Ecuador / LigaPro Primera A,Barcelona SC,CSD Macara,1.75,3.51,5.15,2026-08-05 07:14:28,3:00 am,Sun 09/08
Football / Argentina / Liga Profesional,CA Independiente Avellaneda,CA Platense,1.64,3.52,6.46,2026-08-05 07:14:28,3:30 am,Sun 09/08
Football / Argentina / Liga Profesional,Instituto AC Cordoba,Gimnasia y Esgrima Mendoza,1.61,3.5,7.02,2026-08-05 07:14:28,3:30 am,Sun 09/08
Football / USA / National Womens Soccer League,Houston Dash Women,Kansas City Current Women,3.99,3.79,1.8,2026-08-05 07:14:28,3:45 am,Sun 09/08
Football / Peru / Primera Division,Sport Boys Association,Alianza Lima,3.67,3.27,2.12,2026-08-05 07:14:28,4:00 am,Sun 09/08
Football / USA / USL Championship,El Paso Locomotive FC,Oakland Roots SC,2.09,3.71,3.32,2026-08-05 07:14:28,4:00 am,Sun 09/08
"Football / Mexico / Liga de Expansion MX, Apertura",Atletico Morelia,Cancun FC,1.9,3.41,3.99,2026-08-05 07:14:28,4:00 am,Sun 09/08
"Football / Colombia / Primera A, Apertura",AD Pasto,Deportivo Cali,2.34,3.14,3.29,2026-08-05 07:14:28,4:30 am,Sun 09/08
"Football / Costa Rica / Primera Division, Apertura",Puntarenas FC,Deportivo Saprissa San Jose,4.1,3.46,1.86,2026-08-05 07:14:28,5:00 am,Sun 09/08
Football / USA / USL Championship,Orange County SC,Tampa Bay Rowdies,4.16,3.62,1.87,2026-08-05 07:14:28,5:00 am,Sun 09/08
Football / Australia / Australia Cup,Brisbane Roar FC,Sydney FC,3.49,3.73,2.02,2026-08-05 07:14:28,10:00 am,Sun 09/08
Football / Uruguay / Primera Division,Danubio FC,CA Cerro,2.06,3.1,4.1,2026-08-05 07:14:28,11:00 am,Sun 09/08
Football / Austria / 2. Liga,SKU Amstetten,FC Admira Wacker Modling,2.42,3.75,2.7,2026-08-05 07:14:28,11:30 am,Sun 09/08
Football / Slovakia / 2. Liga,MSK Zilina B,FK Pohronie Ziar Nad Hronom Dolna Zdana,2.19,3.55,2.8,2026-08-05 07:14:28,11:30 am,Sun 09/08
Football / Slovakia / 2. Liga,Slovan Bratislava B U21,FC STK 1914 Samorin,2.46,3.45,2.47,2026-08-05 07:14:28,11:30 am,Sun 09/08
Football / Japan / J.League,Tokyo Verdy,Kawasaki Frontale,3.39,3.29,2.22,2026-08-05 07:14:28,12:00 pm,Sun 09/08
Football / Australia / Australia Cup,South Melbourne FC,Fremantle City,1.17,8.02,13.66,2026-08-05 07:14:28,12:40 pm,Sun 09/08
Football / Japan / J.League,V-Varen Nagasaki,Kyoto Sanga FC,2.91,3.28,2.49,2026-08-05 07:14:28,1:00 pm,Sun 09/08
Football / Portugal / Liga Portugal 2,CD Feirense,FC Felgueiras 1932,2.5,3.05,3.05,2026-08-05 07:14:28,1:00 pm,Sun 09/08
Football / Portugal / Liga Portugal 2,SC Farense,SCU Torreense,2.85,3.15,2.6,2026-08-05 07:14:28,1:00 pm,Sun 09/08
Football / Netherlands / Eredivisie,Sparta Rotterdam,Feyenoord Rotterdam,4.41,4.28,1.78,2026-08-05 07:14:28,1:15 pm,Sun 09/08
Football / Netherlands / Eerste Divisie,Helmond Sport,De Graafschap,3.25,3.58,2.16,2026-08-05 07:14:28,1:15 pm,Sun 09/08
Football / Poland / II Liga,Legia Warszawa II,OKS Swit Szczecin,2.18,3.68,2.95,2026-08-05 07:14:28,2:00 pm,Sun 09/08
Football / China / Chinese Super League,Henan,Qingdao West Coast FC,1.59,4.3,5.2,2026-08-05 07:14:28,2:00 pm,Sun 09/08
Football / Sweden / Division 2,Jonsereds IF,Landvetter IS,2.85,3.7,2.1,2026-08-05 07:14:28,2:00 pm,Sun 09/08
Football / Sweden / Division 2,BK Astrio,Torslanda IK,3.55,3.8,1.81,2026-08-05 07:14:28,2:00 pm,Sun 09/08
"Football / Sweden / Ettan, Relegation/Promotion",Vasalunds IF,FC Stockholm Internazionale,3.42,3.71,1.9,2026-08-05 07:14:28,2:00 pm,Sun 09/08
Football / Sweden / Division 2,IK Franke,Enskede IK,2.35,3.55,2.55,2026-08-05 07:14:28,2:00 pm,Sun 09/08
Football / Denmark / 1. Division,Hvidovre IF,Esbjerg FB,2.5,3.5,2.75,2026-08-05 07:14:28,2:00 pm,Sun 09/08
"Football / Sweden / Ettan, Relegation/Promotion",Umea FC,AFC Eskilstuna,2.1,3.81,2.84,2026-08-05 07:14:28,2:00 pm,Sun 09/08
Football / Germany / 2nd Bundesliga,FC St. Pauli,Greuther Furth,1.83,3.94,4.01,2026-08-05 07:14:28,2:30 pm,Sun 09/08
Football / Belgium / Pro League,KAA Gent,Yellow-Red KV Mechelen,2.13,3.59,3.64,2026-08-05 07:14:28,2:30 pm,Sun 09/08
Football / Germany / 3. Liga,TSG Hoffenheim II U23,Hansa Rostock,4.2,4.23,1.74,2026-08-05 07:14:28,2:30 pm,Sun 09/08
Football / Russian Federation / Premier League,FK Dinamo Moscow,FC Dynamo-Makhachkala,1.68,3.74,5.28,2026-08-05 07:14:28,2:30 pm,Sun 09/08
Football / Germany / 2nd Bundesliga,1 FC Nuremberg,Dynamo Dresden,2.13,3.62,3.3,2026-08-05 07:14:28,2:30 pm,Sun 09/08
Football / Germany / 2nd Bundesliga,Energie Cottbus,Hannover 96,3.11,3.75,2.17,2026-08-05 07:14:28,2:30 pm,Sun 09/08
Football / China / Chinese Super League,Chongqing Tonglianglong FC,Shanghai Port FC,3.3,3.5,2.16,2026-08-05 07:14:28,2:35 pm,Sun 09/08
Football / Denmark / 1. Division,Aalborg BK,Kolding IF,2.06,3.6,3.5,2026-08-05 07:14:28,3:00 pm,Sun 09/08
Football / Sweden / Damallsvenskan,Piteaa IF DFF Women,Hacken Gothenburg Women,8.22,5.09,1.33,2026-08-05 07:14:28,3:00 pm,Sun 09/08
Football / Uruguay / Primera Division,Defensor Sporting,Montevideo Wanderers,2.26,3.05,3.55,2026-08-05 07:14:28,3:00 pm,Sun 09/08
Football / Finland / Veikkausliiga,Kuopion Palloseura,Turun Palloseura,1.47,4.7,6.2,2026-08-05 07:14:28,3:00 pm,Sun 09/08
Football / Switzerland / Super League,FC Lugano,FC Zurich,1.5,4.7,5.86,2026-08-05 07:14:28,3:00 pm,Sun 09/08
Football / Denmark / 1. Division,Vejle BK,Hillerod Fodbold,1.6,4.18,5.37,2026-08-05 07:14:28,3:00 pm,Sun 09/08
Football / China / Chinese Super League,Shandong Taishan FC,Tianjin Jinmen Tiger,1.78,3.94,4.29,2026-08-05 07:14:28,3:00 pm,Sun 09/08
Football / Finland / Ykkosliiga,HJK Klubi 04,FC KTP Kotka,4.9,4.2,1.64,2026-08-05 07:14:28,3:00 pm,Sun 09/08
Football / Sweden / Allsvenskan,Malmo FF,Degerfors IF,1.52,4.5,5.89,2026-08-05 07:14:28,3:00 pm,Sun 09/08
Football / Sweden / Allsvenskan,Hammarby IF,BK Hacken,1.5,4.88,5.64,2026-08-05 07:14:28,3:00 pm,Sun 09/08
Football / Scotland / Premiership,Kilmarnock FC,Celtic Glasgow,7.01,5.33,1.43,2026-08-05 07:14:28,3:30 pm,Sun 09/08
Football / Netherlands / Eredivisie,FC Groningen,FC Utrecht,2.44,3.61,2.98,2026-08-05 07:14:28,3:30 pm,Sun 09/08
Football / Poland / I Liga,LKS Lodz,Chrobry Glogow,1.81,3.65,4.49,2026-08-05 07:14:28,3:30 pm,Sun 09/08
Football / Czech Republic / FNL,FC Banik Ostrava B,FC Silon Taborsko,2.4,3.24,2.9,2026-08-05 07:14:28,3:30 pm,Sun 09/08
Football / Poland / II Liga,Avia Swidnik,Sandecja Nowy Sacz,2.4,3.54,2.7,2026-08-05 07:14:28,3:30 pm,Sun 09/08
Football / Netherlands / Eredivisie,PEC Zwolle,Ajax Amsterdam,5.78,4.95,1.54,2026-08-05 07:14:28,3:30 pm,Sun 09/08
Football / Norway / Eliteserien,Lillestroem SK,Rosenborg BK,2.32,3.61,2.93,2026-08-05 07:14:28,3:30 pm,Sun 09/08
Football / Portugal / Liga Portugal 2,FC Vizela,UD Leiria,2.5,3.35,2.8,2026-08-05 07:14:28,4:00 pm,Sun 09/08
Football / Denmark / 1. Division,FC Fredericia,Vendsyssel FF,1.63,4.2,5.0,2026-08-05 07:14:28,4:00 pm,Sun 09/08
Football / Latvia / Virsliga,FS Jelgava,FK Auda Riga,3.69,3.69,1.97,2026-08-05 07:14:28,4:00 pm,Sun 09/08
Football / Kazakhstan / Premier League,Tobol Kostanay,Kaisar Kyzylorda,1.9,3.59,4.09,2026-08-05 07:14:28,4:00 pm,Sun 09/08
Football / Sweden / Superettan,Varbergs BoIS,Sandvikens IF,1.88,3.85,3.85,2026-08-05 07:14:28,4:00 pm,Sun 09/08
Football / Kazakhstan / Premier League,FC Astana,FC Okzhetpes,1.69,3.99,4.78,2026-08-05 07:14:28,4:00 pm,Sun 09/08
Football / Czech Republic / 1. Liga,Slavia Prague,FK Pardubice,1.23,6.67,11.34,2026-08-05 07:14:28,4:00 pm,Sun 09/08
Football / Latvia / Virsliga,SK Super Nova,FK Liepaja,3.34,3.64,2.1,2026-08-05 07:14:28,4:00 pm,Sun 09/08
Football / Romania / Liga 2,AFC Chindia Targoviste,Metaloglobus Bucuresti,1.71,3.56,4.43,2026-08-05 07:14:28,4:30 pm,Sun 09/08
Football / Scotland / Premiership,Heart of Midlothian FC,Dundee United,1.58,4.49,5.73,2026-08-05 07:14:28,5:00 pm,Sun 09/08
Football / Belgium / Pro League,SV Zulte Waregem,KRC Genk,3.25,3.67,2.26,2026-08-05 07:14:28,5:00 pm,Sun 09/08
Football / Denmark / Superliga,Randers FC,Lyngby BK,2.08,3.57,3.46,2026-08-05 07:14:28,5:00 pm,Sun 09/08
Football / Faroe Islands / Premier League,Vikingur Gota,Tofta Itrottarfelag B68,1.27,5.7,9.44,2026-08-05 07:14:28,5:00 pm,Sun 09/08
Football / Belgium / Pro League,Royal Charleroi SC,Oud-Heverlee Leuven,1.91,3.71,4.36,2026-08-05 07:14:28,5:00 pm,Sun 09/08
Football / Finland / Veikkausliiga,FC Inter Turku,FC Lahti,1.84,3.64,4.29,2026-08-05 07:14:28,5:00 pm,Sun 09/08
"Football / Sweden / Ettan, Relegation/Promotion",Hammarby Talang FF,FBK Karlstad,1.45,4.64,5.41,2026-08-05 07:14:28,5:00 pm,Sun 09/08
Football / Scotland / Premiership,Motherwell FC,Falkirk FC,1.82,3.95,4.37,2026-08-05 07:14:28,5:00 pm,Sun 09/08
Football / Kazakhstan / Premier League,FC Yelimai,FC Irtysh Pavlodar,1.82,3.79,4.24,2026-08-05 07:14:28,5:00 pm,Sun 09/08
"Football / Sweden / Ettan, Relegation/Promotion",Jonkopings Sodra IF,BK Olympic,1.65,4.05,4.24,2026-08-05 07:14:28,5:00 pm,Sun 09/08
Football / Russian Federation / Premier League,FK Zenit Saint Petersburg,Rodina Moscow,1.15,8.12,16.84,2026-08-05 07:14:28,5:00 pm,Sun 09/08
Football / Brazil / Brasileiro Serie B,Athletic Club Sjdr MG,Criciuma EC SC,3.25,2.95,2.48,2026-08-05 07:14:28,5:00 pm,Sun 09/08
Football / Brazil / Brasileiro Serie A,Cruzeiro EC MG,Mirassol FC SP,1.67,3.79,5.3,2026-08-05 07:14:28,5:00 pm,Sun 09/08
Football / Ireland / Premier Division,Waterford FC,Bohemians Dublin FC,3.7,3.75,1.94,2026-08-05 07:14:28,5:00 pm,Sun 09/08
Football / Germany / 3. Liga,1. FC Saarbrucken,Rot-Weiss Essen,2.67,3.74,2.46,2026-08-05 07:14:28,5:30 pm,Sun 09/08
Football / Switzerland / Super League,FC Sion,FC Vaduz,1.46,4.95,6.09,2026-08-05 07:14:28,5:30 pm,Sun 09/08
Football / Switzerland / Super League,FC St. Gallen 1879,FC Luzern,2.05,3.88,3.28,2026-08-05 07:14:28,5:30 pm,Sun 09/08
Football / Switzerland / Super League,FC Basel 1893,FC Thun,1.94,3.99,3.52,2026-08-05 07:14:28,5:30 pm,Sun 09/08
Football / Portugal / Liga Portugal 2,AVS Futebol SAD,Sporting Lisbon B,1.6,4.09,5.59,2026-08-05 07:14:28,5:30 pm,Sun 09/08
Football / Sweden / Allsvenskan,IFK Goteborg,Kalmar FF,2.3,3.55,3.0,2026-08-05 07:14:28,5:30 pm,Sun 09/08
Football / Sweden / Allsvenskan,Halmstads BK,GAIS,5.15,4.1,1.63,2026-08-05 07:14:28,5:30 pm,Sun 09/08
Football / Netherlands / Eerste Divisie,MVV Maastricht,Jong FC Utrecht YOUTH,2.47,3.73,2.65,2026-08-05 07:14:28,5:45 pm,Sun 09/08
Football / Netherlands / Eredivisie,SC Heerenveen,FC Twente Enschede,3.12,3.98,2.22,2026-08-05 07:14:28,5:45 pm,Sun 09/08
Football / Scotland / Premiership,Glasgow Rangers,Hibernian FC,1.55,4.7,5.79,2026-08-05 07:14:28,6:00 pm,Sun 09/08
Football / Austria / Bundesliga,SV Ried,SK Rapid,2.98,3.31,2.42,2026-08-05 07:14:28,6:00 pm,Sun 09/08
Football / Norway / 1st Division,Stroemmen IF,Ranheim,2.55,3.89,2.5,2026-08-05 07:14:28,6:00 pm,Sun 09/08
Football / Norway / Eliteserien,HamKam,Aalesunds FK,2.14,3.71,3.18,2026-08-05 07:14:28,6:00 pm,Sun 09/08
Football / Finland / Veikkausliiga,Tampereen Ilves,IFK Mariehamn,1.32,5.98,8.17,2026-08-05 07:14:28,6:00 pm,Sun 09/08
Football / Slovakia / Superliga,MSK Zilina,MFK Skalica,1.74,3.85,4.6,2026-08-05 07:14:28,6:00 pm,Sun 09/08
Football / Czech Republic / 1. Liga,FC Hradec Kralove,FC Banik Ostrava,2.12,3.35,3.57,2026-08-05 07:14:28,6:00 pm,Sun 09/08
Football / Kazakhstan / Premier League,FK Atyrau,FC Aktobe,3.48,3.38,2.14,2026-08-05 07:14:28,6:00 pm,Sun 09/08
Football / Latvia / Virsliga,Riga FC,Ogre United,1.22,6.59,12.98,2026-08-05 07:14:28,6:00 pm,Sun 09/08
Football / Norway / 1st Division,Sogndal Fotball,Bryne FK,2.55,3.85,2.5,2026-08-05 07:14:28,6:00 pm,Sun 09/08
Football / Norway / 1st Division,Stroemsgodset IF,Egersunds IK,1.49,5.0,5.6,2026-08-05 07:14:28,6:00 pm,Sun 09/08
Football / Poland / II Liga,MKS Chojniczanka Chojnice,MKS Znicz Pruszkow,2.37,3.59,2.71,2026-08-05 07:14:28,6:00 pm,Sun 09/08
Football / England / EFL Cup,Mansfield Town,Sheffield United,4.13,3.74,1.95,2026-08-05 07:14:28,6:00 pm,Sun 09/08
Football / Bulgaria / Second Prof. League,PFC Rilski Sportist Samokov,PFC Spartak Pleven,1.93,3.48,3.77,2026-08-05 07:14:28,6:00 pm,Sun 09/08
Football / Bulgaria / Second Prof. League,PFC Vihren Sandanski,PFC Chernomorets Burgas,1.75,3.57,4.59,2026-08-05 07:14:28,6:00 pm,Sun 09/08
Football / Austria / Bundesliga,Wolfsberger AC,FC Salzburg,3.7,3.8,1.93,2026-08-05 07:14:28,6:00 pm,Sun 09/08
Football / Bulgaria / Second Prof. League,PFK Sportist Svoge,FC Pirin Blagoevgrad,2.07,3.24,3.58,2026-08-05 07:14:28,6:00 pm,Sun 09/08
Football / Norway / 1st Division,Sandnes Ulf,Hoedd IL,1.89,3.85,3.8,2026-08-05 07:14:28,6:00 pm,Sun 09/08
Football / Czech Republic / 1. Liga,FK Jablonec,1. FC Slovacko Uherske Hradiste,1.63,4.04,5.32,2026-08-05 07:14:28,6:00 pm,Sun 09/08
Football / Norway / 1st Division,Aasane Fotball,Kongsvinger IL Toppfotball,5.6,5.2,1.47,2026-08-05 07:14:28,6:00 pm,Sun 09/08
Football / Finland / Kakkonen,JS Hercules,SJK Akatemia/2,2.19,4.3,2.6,2026-08-05 07:14:28,6:00 pm,Sun 09/08
Football / Norway / 1st Division,FK Haugesund,Raufoss IL,1.35,6.0,7.0,2026-08-05 07:14:28,6:00 pm,Sun 09/08
Football / Poland / I Liga,Bruk-Bet Termalica Nieciecza,Warta Poznan,1.81,3.78,4.28,2026-08-05 07:14:28,6:15 pm,Sun 09/08
Football / Slovenia / PrvaLiga,Aluminij Kidricevo,Nafta 1903 Lendava,2.49,3.5,2.75,2026-08-05 07:14:28,6:30 pm,Sun 09/08
Football / Uruguay / Primera Division,Club Nacional de Football,CA Boston River,1.57,4.1,5.8,2026-08-05 07:14:28,6:30 pm,Sun 09/08
Football / Romania / Liga I,FC Petrolul Ploiesti,ASC Otelul Galati,2.75,3.1,2.75,2026-08-05 07:14:28,6:30 pm,Sun 09/08
Football / Poland / II Liga,Slask II Wroclaw,Gornik Leczna,2.61,3.55,2.47,2026-08-05 07:14:28,6:30 pm,Sun 09/08
Football / Poland / Ekstraklasa,KKS Lech Poznan,GKS Piast Gliwice,1.63,4.14,5.14,2026-08-05 07:14:28,6:30 pm,Sun 09/08
Football / Denmark / Superliga,AC Horsens,Broendby IF,4.77,3.95,1.7,2026-08-05 07:14:28,7:00 pm,Sun 09/08
Football / Finland / Veikkausliiga,AC Oulu,HJK Helsinki,3.19,3.59,2.18,2026-08-05 07:14:28,7:00 pm,Sun 09/08
Football / Iceland / 1. deild,Volsungur,HK Kopavogur,5.6,5.0,1.48,2026-08-05 07:14:28,7:00 pm,Sun 09/08
Football / Bulgaria / Parva Liga,PFC Cherno More Varna,PFC Ludogorets 1945 Razgrad,4.9,3.6,1.76,2026-08-05 07:14:28,7:00 pm,Sun 09/08
Football / Estonia / Premium Liiga,FCI Levadia Tallinn,FC Nomme United,1.18,7.8,13.0,2026-08-05 07:14:28,7:00 pm,Sun 09/08
Football / Ireland / Premier Division,Shelbourne FC,Saint Patrick´s Athletic FC,3.35,3.35,2.2,2026-08-05 07:14:28,7:00 pm,Sun 09/08
Football / Portugal / Liga Portugal 3,CD Trofense,Varzim SC,2.55,2.8,2.85,2026-08-05 07:14:28,7:00 pm,Sun 09/08
Football / Chile / Primera Division,Deportes Concepcion,Universidad de Concepcion,1.95,3.5,3.99,2026-08-05 07:14:28,7:30 pm,Sun 09/08
Football / Croatia / HNL,NK Slaven Belupo,NK Varazdin,2.55,3.35,2.75,2026-08-05 07:14:28,7:30 pm,Sun 09/08
Football / Belgium / Pro League,RSC Anderlecht,RAAL La Louviere,1.84,3.74,4.72,2026-08-05 07:14:28,7:30 pm,Sun 09/08
Football / Argentina / Primera Nacional,CD Godoy Cruz,CA Chaco For Ever,1.66,3.5,6.2,2026-08-05 07:14:28,8:00 pm,Sun 09/08
Football / Austria / Bundesliga,FK Austria Wien,LASK Linz,3.53,3.55,2.06,2026-08-05 07:14:28,8:00 pm,Sun 09/08
Football / Russian Federation / Premier League,FK Spartak Moscow,FK Krasnodar,2.17,3.64,3.19,2026-08-05 07:14:28,8:00 pm,Sun 09/08
Football / Bulgaria / Second Prof. League,Gorna Oryahovitsa,FC Fratria Varna,2.99,3.19,2.37,2026-08-05 07:14:28,8:00 pm,Sun 09/08
Football / Portugal / Liga Portugal,FC Porto,FC Alverca SAD,1.22,7.66,13.36,2026-08-05 07:14:28,8:00 pm,Sun 09/08
Football / Norway / Eliteserien,Kristiansund BK,Molde FK,4.45,3.99,1.74,2026-08-05 07:14:28,8:15 pm,Sun 09/08
Football / Belgium / Pro League,Royal Antwerp FC,SK Beveren,1.79,3.81,4.96,2026-08-05 07:14:28,8:15 pm,Sun 09/08
Football / Germany / 3. Liga,Alemannia Aachen,SC Verl,2.1,3.95,3.13,2026-08-05 07:14:28,8:30 pm,Sun 09/08
Football / Poland / II Liga,GKS Tychy,Olimpia Grudziadz,1.94,3.74,3.49,2026-08-05 07:14:28,8:30 pm,Sun 09/08
Football / Argentina / Primera Nacional,Club Atletico Los Andes,Ferro Carril Oeste,2.74,2.84,2.99,2026-08-05 07:14:28,8:30 pm,Sun 09/08
Football / Russian Federation / Premier League,FK Rubin Kazan,FC Orenburg,1.98,3.38,4.0,2026-08-05 07:14:28,8:30 pm,Sun 09/08
Football / Peru / Primera Division,Deportivo Garcilaso,CD Moquegua,1.57,4.09,5.99,2026-08-05 07:14:28,9:00 pm,Sun 09/08
Football / Serbia / Superliga,FK Macva Sabac,FK IMT Novi Beograd,4.29,3.49,1.89,2026-08-05 07:14:28,9:00 pm,Sun 09/08
Football / Iceland / Besta deild,Stjarnan Gardabae,Keflavik IF,2.0,4.3,3.15,2026-08-05 07:14:28,9:00 pm,Sun 09/08
Football / Czech Republic / 1. Liga,SK Artis Brno,SK Sigma Olomouc,4.88,3.93,1.69,2026-08-05 07:14:28,9:00 pm,Sun 09/08
Football / Iceland / Besta deild,IA Akranes,Thor Akureyri,1.5,4.88,5.57,2026-08-05 07:14:28,9:00 pm,Sun 09/08
Football / Serbia / Superliga,FK Vojvodina Novi Sad,FK Radnik Surdulica,1.36,4.8,9.4,2026-08-05 07:14:28,9:00 pm,Sun 09/08
Football / Iceland / Besta deild,KA Akureyri,FH Hafnarfjordur,2.14,4.1,2.95,2026-08-05 07:14:28,9:00 pm,Sun 09/08
Football / Iceland / Besta deild,Vikingur Reykjavik,IBV Vestmannaeyjar,1.38,5.6,6.8,2026-08-05 07:14:28,9:00 pm,Sun 09/08
Football / Argentina / Liga Profesional,CA San Lorenzo de Almagro,CA Huracan,2.91,2.68,3.0,2026-08-05 07:14:28,9:00 pm,Sun 09/08
Football / Argentina / Primera Nacional,Deportivo Moron,CA Acassuso,1.44,4.1,8.8,2026-08-05 07:14:28,9:00 pm,Sun 09/08
Football / Slovenia / PrvaLiga,NK Maribor,FC Koper,2.07,3.69,3.39,2026-08-05 07:14:28,9:15 pm,Sun 09/08
Football / Bulgaria / Parva Liga,FK Septemvri Sofia,PFC CSKA Sofia,5.6,4.0,1.61,2026-08-05 07:14:28,9:15 pm,Sun 09/08
Football / Slovenia / PrvaLiga,Bravo Ljubljana,NK Brinje Grosuplje,1.92,3.6,3.95,2026-08-05 07:14:28,9:15 pm,Sun 09/08
Football / Poland / Ekstraklasa,Jagiellonia Bialystok,Widzew Lodz,2.39,3.28,3.07,2026-08-05 07:14:28,9:15 pm,Sun 09/08
Football / Turkey / 1. Lig,Bodrum FK,Bursaspor,3.65,3.75,1.96,2026-08-05 07:14:28,9:30 pm,Sun 09/08
Football / Romania / Liga I,CS Universitatea Craiova,ACS Champions FC Arges,1.58,3.94,6.18,2026-08-05 07:14:28,9:30 pm,Sun 09/08
Football / Brazil / Brasileiro Serie A,SE Palmeiras SP,SC Internacional RS,1.58,4.0,5.99,2026-08-05 07:14:28,10:00 pm,Sun 09/08
Football / Brazil / Brasileiro Serie A,EC Bahia BA,CR Vasco da Gama RJ,1.91,3.63,3.97,2026-08-05 07:14:28,10:00 pm,Sun 09/08
Football / Brazil / Brasileiro Serie B,Nautico PE,AC Goianiense GO,2.37,3.25,3.1,2026-08-05 07:14:28,10:00 pm,Sun 09/08
Football / Brazil / Brasileiro Serie B,Gremio Novorizontino SP,EC Juventude RS,2.08,3.15,3.95,2026-08-05 07:14:28,10:00 pm,Sun 09/08
Football / Croatia / HNL,HNK Hajduk Split,NK Istra 1961,1.41,4.8,7.4,2026-08-05 07:14:28,10:00 pm,Sun 09/08
Football / Serbia / Superliga,OFK Beograd,FK Zeleznicar Pancevo,2.34,3.65,2.85,2026-08-05 07:14:28,10:00 pm,Sun 09/08
Football / Chile / Primera Division,CD O´Higgins,Deportes Limache,2.09,3.6,3.4,2026-08-05 07:14:28,10:00 pm,Sun 09/08
Football / Serbia / Superliga,FK Mladost Lucani,FK Cukaricki Belgrade,2.3,3.3,3.2,2026-08-05 07:14:28,10:00 pm,Sun 09/08
Football / Portugal / Liga Portugal,SL Benfica,Academico de Viseu FC,1.15,10.18,18.07,2026-08-05 07:14:28,10:30 pm,Sun 09/08
Football / Portugal / Liga Portugal,Gil Vicente Barcelos,Rio Ave FC,2.03,3.63,3.93,2026-08-05 07:14:28,10:30 pm,Sun 09/08
Football / Portugal / Liga Portugal,Moreirense FC,SC Braga,4.81,3.85,1.8,2026-08-05 07:14:28,10:30 pm,Sun 09/08
Football / USA / National Womens Soccer League,Boston Legacy FC Women,Portland Thorns FC Women,2.51,3.39,2.66,2026-08-05 07:14:28,11:00 pm,Sun 09/08
Football / Iceland / Besta deild,Breidablik Kopavogur,Valur Reykjavik,1.72,4.5,4.0,2026-08-05 07:14:28,11:15 pm,Sun 09/08
Football / Peru / Primera Division,FBC Melgar,FC Cajamarca,1.3,5.6,9.8,2026-08-05 07:14:28,11:30 pm,Sun 09/08
Football / Argentina / Primera Nacional,Gimnasia Y Tiro de Salta,Nueva Chicago,2.17,2.89,4.09,2026-08-05 07:14:28,11:30 pm,Sun 09/08
Football / Argentina / Liga Profesional,Defensa y Justicia,Newell's Old Boys,2.4,2.98,3.35,2026-08-05 07:14:28,11:45 pm,Sun 09/08
Football / Argentina / Liga Profesional,Gimnasia y Esgrima La Plata,CA Barracas Central,1.72,3.38,5.76,2026-08-05 07:14:28,11:45 pm,Sun 09/08
Football / USA / USL Championship,Indy Eleven,Hartford Athletic,1.9,3.7,3.95,2026-08-05 07:14:28,12:00 am,Mon 10/08
Football / Ecuador / LigaPro Primera A,Delfin SC,Orense SC,2.43,3.1,3.15,2026-08-05 07:14:28,12:00 am,Mon 10/08
Football / Brazil / Brasileiro Serie B,Cuiaba EC MT,Fortaleza EC CE,2.55,2.95,3.15,2026-08-05 07:14:28,12:00 am,Mon 10/08
Football / Brazil / Brasileiro Serie A,Red Bull Bragantino SP,SC Corinthians SP,2.1,3.27,3.73,2026-08-05 07:14:28,12:30 am,Mon 10/08
Football / Brazil / Brasileiro Serie A,Santos FC SP,CA Paranaense PR,2.18,3.28,3.49,2026-08-05 07:14:28,12:30 am,Mon 10/08
Football / Chile / Primera Division,Deportes Union La Calera,Colo-Colo,4.39,3.59,1.84,2026-08-05 07:14:28,12:30 am,Mon 10/08
Football / Brazil / Brasileiro Serie A,CR Flamengo RJ,EC Vitoria BA,1.22,6.42,13.29,2026-08-05 07:14:28,1:30 am,Mon 10/08
Football / USA / National Womens Soccer League,Chicago Stars FC Women,Bay FC Women,4.13,3.68,1.8,2026-08-05 07:14:28,2:00 am,Mon 10/08
Football / Argentina / Liga Profesional,Argentinos Juniors,Racing Club Avellaneda,2.33,2.87,3.68,2026-08-05 07:14:28,2:15 am,Mon 10/08
Football / Ecuador / LigaPro Primera A,Guayaquil City FC,CS Emelec,3.15,3.1,2.41,2026-08-05 07:14:28,3:00 am,Mon 10/08
Football / Chile / Primera Division,Universidad de Chile,CD Palestino,1.93,3.48,4.08,2026-08-05 07:14:28,3:00 am,Mon 10/08
"Football / Costa Rica / Primera Division, Apertura",CS Herediano,Liga Deportiva Alajuelense,2.41,3.05,3.05,2026-08-05 07:14:28,3:00 am,Mon 10/08
Football / USA / National Womens Soccer League,Seattle Reign FC Women,Angel City FC Women,2.51,3.39,2.66,2026-08-05 07:14:28,4:00 am,Mon 10/08
"Football / Colombia / Primera A, Apertura",America de Cali,Atletico Nacional,2.54,3.23,2.89,2026-08-05 07:14:28,4:15 am,Mon 10/08
Football / Slovenia / PrvaLiga,Mura Murska Sobota,NK Radomlje,2.1,3.5,3.45,2026-08-05 07:14:28,6:00 pm,Mon 10/08
Football / Slovakia / 2. Liga,MSK Povazska Bystrica,FC Vion Zlate Moravce - Vrable,2.55,3.5,2.39,2026-08-05 07:14:28,6:00 pm,Mon 10/08
Football / Romania / Liga I,FC Botosani,FC Corvinul Hunedoara 1921,2.25,3.25,3.35,2026-08-05 07:14:28,6:30 pm,Mon 10/08
Football / Bulgaria / Parva Liga,POFC Botev Vratsa,PFC Slavia Sofia,2.1,3.35,3.65,2026-08-05 07:14:28,7:00 pm,Mon 10/08
Football / Uruguay / Primera Division,Deportivo Maldonado,Racing Club Montevideo,2.65,2.95,3.0,2026-08-05 07:14:28,7:00 pm,Mon 10/08
Football / Russian Federation / Premier League,FC Fakel Voronezh,RFK Akhmat Grozny,3.28,3.25,2.28,2026-08-05 07:14:28,7:30 pm,Mon 10/08
Football / Sweden / Superettan,Norrby IF,Orebro SK,2.33,3.49,2.99,2026-08-05 07:14:28,8:00 pm,Mon 10/08
Football / Sweden / Allsvenskan,IK Sirius,IF Brommapojkarna,1.31,5.91,8.52,2026-08-05 07:14:28,8:00 pm,Mon 10/08
Football / Portugal / Liga Portugal 2,SL Benfica B,Leixoes SC,2.27,3.5,3.1,2026-08-05 07:14:28,8:00 pm,Mon 10/08
Football / Sweden / Allsvenskan,Vasteraas SK,Djurgardens IF,3.94,3.96,1.84,2026-08-05 07:14:28,8:00 pm,Mon 10/08
Football / Norway / 1st Division,Moss FK,Odds BK,3.2,4.0,2.04,2026-08-05 07:14:28,8:00 pm,Mon 10/08
Football / Poland / I Liga,Unia Skierniewice,MKS Arka Gdynia,3.6,3.85,1.95,2026-08-05 07:14:28,8:00 pm,Mon 10/08
Football / Poland / Ekstraklasa,WKS Slask Wroclaw,KS Cracovia Krakow,2.44,3.41,2.89,2026-08-05 07:14:28,8:00 pm,Mon 10/08
Football / Portugal / Liga Portugal 2,Lusitania FC Lourosa,FC Porto B YOUTH,2.25,3.35,3.25,2026-08-05 07:14:28,8:00 pm,Mon 10/08
Football / Denmark / Superliga,Silkeborg IF,Odense Boldklub,2.46,3.68,2.68,2026-08-05 07:14:28,8:00 pm,Mon 10/08
Football / Netherlands / Eerste Divisie,Jong AZ Alkmaar YOUTH,FC Eindhoven,2.13,4.03,3.01,2026-08-05 07:14:28,9:00 pm,Mon 10/08
Football / Netherlands / Eerste Divisie,Jong PSV Eindhoven YOUTH,FC Volendam,3.54,3.88,1.96,2026-08-05 07:14:28,9:00 pm,Mon 10/08
Football / Argentina / Primera Nacional,Gimnasia y Esgrima de Jujuy,CSD Tristan Suarez,1.86,3.14,5.19,2026-08-05 07:14:28,9:00 pm,Mon 10/08
Football / Bulgaria / Parva Liga,Botev Plovdiv,FK Spartak 1918 Varna,1.56,4.2,5.8,2026-08-05 07:14:28,9:15 pm,Mon 10/08
Football / Turkey / 1. Lig,Pendikspor,Batman Petrolspor,2.74,3.59,2.46,2026-08-05 07:14:28,9:30 pm,Mon 10/08
Football / Romania / Liga I,ACS Sepsi OSK Sfantu Gheorghe,Fotbal Club FCSB,3.89,3.49,1.97,2026-08-05 07:14:28,9:30 pm,Mon 10/08
Football / Ecuador / LigaPro Primera A,CD Tecnico Universitario,Mushuc Runa SC,2.5,3.2,2.9,2026-08-05 07:14:28,10:00 pm,Mon 10/08
Football / England / EFL Cup,Plymouth Argyle,Exeter City,1.66,4.51,5.06,2026-08-05 07:14:28,10:00 pm,Mon 10/08
Football / Iceland / Besta deild,Fram Reykjavik,KR Reykjavik,2.41,4.4,2.45,2026-08-05 07:14:28,10:15 pm,Mon 10/08
Football / Portugal / Liga Portugal,Santa Clara Azores,Nacional da Madeira,2.02,3.46,4.18,2026-08-05 07:14:28,10:15 pm,Mon 10/08
Football / Ecuador / LigaPro Primera A,Libertad Loja,CD Universidad Catolica del Ecuador,4.2,3.8,1.82,2026-08-05 07:14:28,12:30 am,Tue 11/08
Football / Argentina / Liga Profesional,CA Banfield,CA Belgrano de Cordoba,3.13,2.92,2.58,2026-08-05 07:14:28,1:00 am,Tue 11/08
Football / Brazil / Brasileiro Serie B,Goias EC GO,Londrina EC PR,1.74,3.53,5.18,2026-08-05 07:14:28,1:30 am,Tue 11/08
Football / Argentina / Primera Nacional,CA All Boys,CA Central Norte Salta,2.46,2.6,3.85,2026-08-05 07:14:28,2:00 am,Tue 11/08
Football / Argentina / Primera Nacional,CA Atlanta,CA Temperley,2.09,2.95,4.3,2026-08-05 07:14:28,2:00 am,Tue 11/08
"Football / Colombia / Primera A, Apertura",Independiente Medellin,Millonarios FC,2.48,3.27,2.93,2026-08-05 07:14:28,2:00 am,Tue 11/08
Football / Chile / Primera Division,Audax Italiano,Nublense,2.32,3.3,3.15,2026-08-05 07:14:28,3:00 am,Tue 11/08
Football / Ecuador / LigaPro Primera A,CD Cuenca,Manta FC,1.6,3.8,6.2,2026-08-05 07:14:28,3:00 am,Tue 11/08
Football / Argentina / Liga Profesional,Union de Santa Fe,CA Central Cordoba SE,1.48,4.18,7.3,2026-08-05 07:14:28,3:15 am,Tue 11/08
"Football / Colombia / Primera A, Apertura",CD Junior FC,Deportivo Pereira FC SA,1.35,4.9,9.25,2026-08-05 07:14:28,4:05 am,Tue 11/08
Football / Australia / Australia Cup,Lions FC,Melbourne City FC,4.25,4.48,1.69,2026-08-05 07:14:28,12:30 pm,Tue 11/08
Football / Australia / Australia Cup,SD Raiders FC,Macarthur FC,4.2,4.51,1.69,2026-08-05 07:14:28,12:30 pm,Tue 11/08
Football / International / UEFA Champions League,FC Kairat Almaty,PFC Levski Sofia,2.17,3.35,3.57,2026-08-05 07:14:28,6:00 pm,Tue 11/08
Football / International / UEFA Europa League,FC Iberia 1999,Larne FC,2.18,3.24,3.55,2026-08-05 07:14:28,7:00 pm,Tue 11/08
Football / International / UEFA Champions League,Bodoe/Glimt,Union Saint-Gilloise,1.86,3.9,4.05,2026-08-05 07:14:28,7:00 pm,Tue 11/08
Football / International / UEFA Champions League,FK Kauno Zalgiris,GNK Dinamo Zagreb,7.7,4.98,1.41,2026-08-05 07:14:28,8:00 pm,Tue 11/08
Football / Sweden / Superettan,Helsingborgs IF,IFK Varnamo,2.15,3.65,3.2,2026-08-05 07:14:28,8:00 pm,Tue 11/08
Football / International / UEFA Champions League,NEC Nijmegen,Olympiacos Piraeus,3.29,3.11,2.41,2026-08-05 07:14:28,8:30 pm,Tue 11/08
Football / International / UEFA Champions League,FK Crvena Zvezda Belgrade,Hapoel Be`er Sheva FC,1.36,5.42,8.3,2026-08-05 07:14:28,9:00 pm,Tue 11/08
Football / International / UEFA Champions League,NK Celje,FC Ararat-Armenia,1.73,3.8,5.01,2026-08-05 07:14:28,9:15 pm,Tue 11/08
Football / International / UEFA Champions League,SK Slovan Bratislava,Mjallby AIF,2.07,3.3,3.95,2026-08-05 07:14:28,9:15 pm,Tue 11/08
Football / International / UEFA Champions League,Olympique Lyon,Sparta Prague,1.54,4.12,6.69,2026-08-05 07:14:28,10:00 pm,Tue 11/08
Football / International / Copa Libertadores,Fluminense FC RJ,Independiente Rivadavia,1.63,3.95,5.4,2026-08-05 07:14:28,1:00 am,Wed 12/08
Football / International / Copa Sudamericana,Boca Juniors,Recoleta FC,1.39,4.69,8.59,2026-08-05 07:14:28,1:00 am,Wed 12/08
Football / Brazil / Brasileiro Serie B,Avai FC SC,CR Brasil AL,2.6,3.25,2.75,2026-08-05 07:14:28,1:30 am,Wed 12/08
Football / Argentina / Liga Profesional,CA Talleres de Cordoba,CA Lanus,2.39,2.85,3.56,2026-08-05 07:14:28,3:00 am,Wed 12/08
Football / International / Copa Libertadores,Estudiantes de La Plata,CD Universidad Catolica,1.65,3.75,5.6,2026-08-05 07:14:28,3:30 am,Wed 12/08
Football / International / Copa Libertadores,CD Tolima,CSD Independiente del Valle,2.95,3.3,2.44,2026-08-05 07:14:28,3:30 am,Wed 12/08
Football / International / Copa Sudamericana,Club Bolivar,Sao Paulo FC SP,1.98,3.59,3.74,2026-08-05 07:14:28,3:30 am,Wed 12/08
Football / Australia / Australia Cup,Brunswick Juventus FC,Preston Lions FC,5.46,4.81,1.52,2026-08-05 07:14:28,12:30 pm,Wed 12/08
Football / Australia / Australia Cup,APIA Leichhardt,Sydney United 58 FC,1.84,4.2,3.73,2026-08-05 07:14:28,12:30 pm,Wed 12/08
Football / Australia / Australia Cup,North Sunshine Eagles FC,Heidelberg United FC,10.09,6.95,1.24,2026-08-05 07:14:28,12:45 pm,Wed 12/08
Football / Greece / Super Cup,AEK Athens,OFI Crete,1.53,4.1,6.59,2026-08-05 07:14:28,8:00 pm,Wed 12/08
Football / International / UEFA Super Cup,Paris Saint-Germain,Aston Villa,1.82,3.97,4.51,2026-08-05 07:14:28,10:00 pm,Wed 12/08
Football / International / Copa Sudamericana,Red Bull Bragantino SP,Atletico Mineiro MG,2.12,3.29,3.64,2026-08-05 07:14:28,1:00 am,Thu 13/08
Football / International / Copa Sudamericana,CA Tigre,Montevideo City Torque,2.0,3.35,3.95,2026-08-05 07:14:28,1:00 am,Thu 13/08
Football / International / Copa Libertadores,SE Palmeiras SP,Cerro Porteno,1.31,5.2,10.0,2026-08-05 07:14:28,1:00 am,Thu 13/08
Football / International / Copa Libertadores,CA Platense,Coquimbo Unido,1.91,3.2,4.6,2026-08-05 07:14:28,1:00 am,Thu 13/08
Football / International / Copa Libertadores,Cruzeiro EC MG,CR Flamengo RJ,2.9,3.2,2.55,2026-08-05 07:14:28,3:30 am,Thu 13/08
Football / International / Copa Sudamericana,Independiente Santa Fe,CA River Plate (ARG),3.0,3.35,2.39,2026-08-05 07:14:28,3:30 am,Thu 13/08
Football / International / UEFA Conference League,FC Dinamo City,FK Auda Riga,2.33,3.48,3.01,2026-08-05 07:14:28,10:00 pm,Thu 13/08
Football / International / UEFA Europa League,KF Egnatia Rrogozhine,Shamrock Rovers,2.99,3.34,2.4,2026-08-05 07:14:28,10:00 pm,Thu 13/08
Football / International / Copa Libertadores,Mirassol FC SP,LDU Quito,1.79,3.4,5.0,2026-08-05 07:14:28,1:00 am,Fri 14/08
Football / International / Copa Sudamericana,Santos FC SP,CSD Macara,1.37,5.19,7.98,2026-08-05 07:14:28,1:00 am,Fri 14/08
Football / International / Copa Sudamericana,CR Vasco da Gama RJ,Club Olimpia,1.7,3.84,4.99,2026-08-05 07:14:28,1:00 am,Fri 14/08
Football / International / Copa Sudamericana,Cienciano,Botafogo FR RJ,2.06,3.55,3.55,2026-08-05 07:14:28,3:30 am,Fri 14/08
Football / International / Copa Libertadores,CA Rosario Central,SC Corinthians SP,2.12,3.15,3.8,2026-08-05 07:14:28,3:30 am,Fri 14/08
Football / Russian Federation / Premier League,FC Orenburg,Lokomotiv Moscow,3.3,3.78,2.08,2026-08-05 07:14:28,5:00 pm,Fri 14/08
Football / Turkey / Super Lig,Galatasaray Istanbul,Corum FK,1.19,8.65,14.68,2026-08-05 07:14:28,9:30 pm,Fri 14/08
Football / Spain / LaLiga 2,Real Sociedad San Sebastian B,CD Castellon,4.28,3.98,1.77,2026-08-05 07:14:28,9:30 pm,Fri 14/08
Football / Scotland / League Cup,Kilmarnock FC,Ayr United FC,1.54,4.28,5.97,2026-08-05 07:14:28,9:45 pm,Fri 14/08
Football / England / Championship,Wolverhampton Wanderers,Blackburn Rovers,1.59,4.36,5.89,2026-08-05 07:14:28,10:00 pm,Fri 14/08
Football / Peru / Primera Division,Atletico Grau,Comerciantes Unidos,1.89,3.35,4.5,2026-08-05 07:14:28,11:00 pm,Fri 14/08
Football / Peru / Primera Division,Cusco FC,Juan Pablo II College,1.44,4.7,7.0,2026-08-05 07:14:28,2:00 am,Sat 15/08
Football / Russian Federation / Premier League,Rodina Moscow,FK Akron Tolyatti,2.41,3.7,2.74,2026-08-05 07:14:28,2:00 pm,Sat 15/08
Football / England / League Two,Newport County,Rochdale AFC,3.05,3.34,2.37,2026-08-05 07:14:28,2:30 pm,Sat 15/08
Football / England / League One,Notts County,Leicester City,3.57,3.46,2.08,2026-08-05 07:14:28,2:30 pm,Sat 15/08
Football / England / League One,Reading FC,Luton Town,3.09,3.48,2.28,2026-08-05 07:14:28,2:30 pm,Sat 15/08
Football / England / League Two,Oldham Athletic,Port Vale,2.6,3.3,2.75,2026-08-05 07:14:28,2:30 pm,Sat 15/08
Football / England / Championship,Bolton Wanderers,Preston North End,2.27,3.43,3.37,2026-08-05 07:14:28,2:30 pm,Sat 15/08
Football / England / League One,Oxford United,Milton Keynes Dons,2.19,3.34,3.39,2026-08-05 07:14:28,2:30 pm,Sat 15/08
Football / China / Chinese Super League,Shanghai Shenhua FC,Henan,2.03,4.0,3.25,2026-08-05 07:14:28,3:00 pm,Sat 15/08
Football / Romania / Liga I,FC Universitatea Cluj,FC Uta Arad,1.95,3.35,4.2,2026-08-05 07:14:28,4:00 pm,Sat 15/08
Football / Romania / Liga I,Fotbal Club FCSB,FC Botosani,1.75,3.65,4.9,2026-08-05 07:14:28,4:00 pm,Sat 15/08
Football / Romania / Liga I,ASC Otelul Galati,CS Universitatea Craiova,3.65,3.2,2.15,2026-08-05 07:14:28,4:00 pm,Sat 15/08
Football / Romania / Liga I,Rapid Bucuresti 1923,FC Dinamo Bucuresti 1948,2.42,3.3,3.0,2026-08-05 07:14:28,4:00 pm,Sat 15/08
Football / Romania / Liga I,FC Corvinul Hunedoara 1921,FC CFR 1907 Cluj,3.15,3.3,2.33,2026-08-05 07:14:28,4:00 pm,Sat 15/08
Football / Romania / Liga I,AFK Csikszereda Miercurea Ciuc,ACS Sepsi OSK Sfantu Gheorghe,2.7,3.2,2.7,2026-08-05 07:14:28,4:00 pm,Sat 15/08
Football / Romania / Liga I,ACS Champions FC Arges,FC Farul Constanta,2.25,3.3,3.3,2026-08-05 07:14:28,4:00 pm,Sat 15/08
Football / Romania / Liga I,SC FC Voluntari,FC Petrolul Ploiesti,2.55,3.15,2.95,2026-08-05 07:14:28,4:00 pm,Sat 15/08
Football / Russian Federation / Premier League,CSKA Moscow,FC Fakel Voronezh,1.41,4.79,7.68,2026-08-05 07:14:28,4:15 pm,Sat 15/08
Football / England / League One,Bradford City FC,Peterborough United,1.73,3.79,4.78,2026-08-05 07:14:28,5:00 pm,Sat 15/08
Football / England / League One,Cambridge United,Wigan Athletic,2.41,3.23,3.08,2026-08-05 07:14:28,5:00 pm,Sat 15/08
Football / England / League One,Leyton Orient London,Sheffield Wednesday,3.04,3.47,2.31,2026-08-05 07:14:28,5:00 pm,Sat 15/08
Football / England / League One,Blackpool FC,Wycombe Wanderers,2.52,3.42,2.77,2026-08-05 07:14:28,5:00 pm,Sat 15/08
Football / England / League One,Burton Albion,Stevenage FC,2.29,3.26,3.25,2026-08-05 07:14:28,5:00 pm,Sat 15/08
Football / England / League Two,York City FC,Bristol Rovers,2.23,3.3,3.35,2026-08-05 07:14:28,5:00 pm,Sat 15/08
Football / England / Championship,Norwich City,West Bromwich Albion,2.08,3.62,3.67,2026-08-05 07:14:28,5:00 pm,Sat 15/08
Football / England / Championship,Stoke City,Swansea City,2.44,3.41,3.05,2026-08-05 07:14:28,5:00 pm,Sat 15/08
Football / England / Championship,Charlton Athletic,Derby County,2.71,3.36,2.75,2026-08-05 07:14:28,5:00 pm,Sat 15/08
Football / England / Championship,Middlesbrough FC,Lincoln City,1.35,5.64,8.92,2026-08-05 07:14:28,5:00 pm,Sat 15/08
Football / Scotland / League Cup,Dunfermline Athletic FC,Ross County FC,2.21,3.3,3.35,2026-08-05 07:14:28,5:00 pm,Sat 15/08
Football / England / League Two,Barnet FC,Salford City,2.42,3.35,2.95,2026-08-05 07:14:28,5:00 pm,Sat 15/08
Football / England / League Two,Cheltenham Town,Rotherham United,2.7,3.4,2.6,2026-08-05 07:14:28,5:00 pm,Sat 15/08
Football / Scotland / League Cup,Aberdeen FC,Dundee FC,2.11,3.55,3.4,2026-08-05 07:14:28,5:00 pm,Sat 15/08
Football / England / League Two,Gillingham FC,Walsall FC,2.21,3.45,3.25,2026-08-05 07:14:28,5:00 pm,Sat 15/08
Football / England / League Two,Crawley Town,Crewe Alexandra,2.59,3.34,2.74,2026-08-05 07:14:28,5:00 pm,Sat 15/08
Football / England / League Two,Grimsby Town,Exeter City,1.86,3.7,4.1,2026-08-05 07:14:28,5:00 pm,Sat 15/08
Football / England / League Two,Tranmere Rovers FC,Shrewsbury Town,2.31,3.35,3.15,2026-08-05 07:14:28,5:00 pm,Sat 15/08
Football / England / League Two,Northampton Town,Swindon Town,2.16,3.5,3.3,2026-08-05 07:14:28,5:00 pm,Sat 15/08
Football / England / Championship,Bristol City,Millwall FC,2.55,3.48,2.85,2026-08-05 07:14:28,5:00 pm,Sat 15/08
Football / England / Championship,Portsmouth FC,Queens Park Rangers,2.26,3.56,3.27,2026-08-05 07:14:28,5:00 pm,Sat 15/08
Football / England / League One,Barnsley FC,Bromley FC,1.85,3.76,4.11,2026-08-05 07:14:28,5:00 pm,Sat 15/08
Football / England / League One,Mansfield Town,Doncaster Rovers,2.16,3.43,3.37,2026-08-05 07:14:28,5:00 pm,Sat 15/08
Football / England / League One,Huddersfield Town,AFC Wimbledon,1.63,4.11,5.13,2026-08-05 07:14:28,5:00 pm,Sat 15/08
Football / England / League Two,Accrington Stanley,Colchester United,2.49,3.29,2.89,2026-08-05 07:14:28,5:00 pm,Sat 15/08
Football / England / League One,Plymouth Argyle,Stockport County FC,2.32,3.54,2.97,2026-08-05 07:14:28,5:00 pm,Sat 15/08
Football / England / League Two,Chesterfield FC,Fleetwood Town,1.84,3.59,4.39,2026-08-05 07:14:28,5:00 pm,Sat 15/08
Football / Spain / LaLiga 2,FC Andorra,AD Ceuta,1.62,4.18,5.21,2026-08-05 07:14:28,6:00 pm,Sat 15/08
Football / Russian Federation / Premier League,FK Rostov,FK Rubin Kazan,2.31,3.39,3.11,2026-08-05 07:14:28,6:30 pm,Sat 15/08
Football / Turkey / Super Lig,Konyaspor,Caykur Rizespor,2.51,3.52,2.95,2026-08-05 07:14:28,7:00 pm,Sat 15/08
Football / Turkey / Super Lig,Kasimpasa Istanbul,Trabzonspor,3.9,3.84,1.98,2026-08-05 07:14:28,7:00 pm,Sat 15/08
Football / England / Championship,Sheffield United,Birmingham City,2.54,3.41,2.92,2026-08-05 07:14:28,7:30 pm,Sat 15/08
Football / Scotland / League Cup,Dundee United,Celtic Glasgow,4.99,4.19,1.64,2026-08-05 07:14:28,7:45 pm,Sat 15/08
Football / Spain / LaLiga 2,Real Oviedo,Granada CF,1.72,3.72,4.98,2026-08-05 07:14:28,8:00 pm,Sat 15/08
Football / Spain / LaLiga 2,Cadiz CF,RC Celta Fortuna,2.01,3.45,3.81,2026-08-05 07:14:28,8:00 pm,Sat 15/08
Football / Spain / LaLiga,Deportivo Alaves,Getafe CF,2.48,2.9,3.65,2026-08-05 07:14:28,8:30 pm,Sat 15/08
Football / Russian Federation / Premier League,FK Krasnodar,RFK Akhmat Grozny,1.48,4.55,6.43,2026-08-05 07:14:28,8:45 pm,Sat 15/08
Football / Turkey / Super Lig,Gaziantep FK,Alanyaspor,2.64,3.52,2.79,2026-08-05 07:14:28,9:30 pm,Sat 15/08
Football / Turkey / Super Lig,Genclerbirligi SK,Fenerbahce Istanbul,5.93,4.77,1.55,2026-08-05 07:14:28,9:30 pm,Sat 15/08
Football / Brazil / Brasileiro Serie A,Atletico Mineiro MG,Gremio FB Porto Alegrense RS,1.78,3.55,4.86,2026-08-05 07:14:28,10:30 pm,Sat 15/08
Football / Spain / LaLiga,Sevilla FC,Rayo Vallecano,2.38,3.28,3.37,2026-08-05 07:14:28,10:30 pm,Sat 15/08
Football / Brazil / Brasileiro Serie A,Fluminense FC RJ,SE Palmeiras SP,2.88,3.09,2.64,2026-08-05 07:14:28,10:30 pm,Sat 15/08
Football / Spain / LaLiga 2,RCD Mallorca,Real Valladolid,1.7,3.59,5.5,2026-08-05 07:14:28,10:30 pm,Sat 15/08
Football / Brazil / Brasileiro Serie A,CA Paranaense PR,Red Bull Bragantino SP,2.05,3.35,3.8,2026-08-05 07:14:28,12:30 am,Sun 16/08
"Football / Mexico / Liga MX, Apertura",Atlante FC,Deportivo Toluca FC,5.81,4.23,1.56,2026-08-05 07:14:28,2:00 am,Sun 16/08
Football / USA / Major League Soccer,Orlando City SC,FC Cincinnati,2.28,4.37,2.62,2026-08-05 07:14:28,2:30 am,Sun 16/08
Football / USA / Major League Soccer,CF Montreal,DC United,2.2,3.65,3.11,2026-08-05 07:14:28,2:30 am,Sun 16/08
Football / USA / Major League Soccer,Toronto FC,New England Revolution,2.34,3.7,2.84,2026-08-05 07:14:28,2:30 am,Sun 16/08
Football / USA / Major League Soccer,Charlotte FC,Columbus Crew,2.11,3.8,3.2,2026-08-05 07:14:28,2:30 am,Sun 16/08
Football / USA / Major League Soccer,Atlanta United FC,New York Red Bulls,1.84,4.1,3.79,2026-08-05 07:14:28,2:30 am,Sun 16/08
Football / Brazil / Brasileiro Serie A,Sao Paulo FC SP,Coritiba FC PR,1.67,3.74,5.44,2026-08-05 07:14:28,3:00 am,Sun 16/08
Football / USA / Major League Soccer,Nashville SC,Inter Miami CF,2.19,3.99,2.91,2026-08-05 07:14:28,3:30 am,Sun 16/08
Football / USA / Major League Soccer,Houston Dynamo,Los Angeles Galaxy,1.68,4.07,4.76,2026-08-05 07:14:28,3:30 am,Sun 16/08
"Football / Mexico / Liga MX, Apertura",CF Monterrey,FC Juarez,1.56,4.45,5.42,2026-08-05 07:14:28,4:00 am,Sun 16/08
Football / USA / Major League Soccer,Real Salt Lake,Minnesota United FC,1.71,4.13,4.47,2026-08-05 07:14:28,4:30 am,Sun 16/08
Football / USA / Major League Soccer,Colorado Rapids,Sporting Kansas City,1.38,5.42,7.21,2026-08-05 07:14:28,4:30 am,Sun 16/08
Football / USA / Major League Soccer,San Jose Earthquakes,Saint Louis City SC,1.78,3.98,4.22,2026-08-05 07:14:28,5:30 am,Sun 16/08
Football / USA / Major League Soccer,Los Angeles FC,San Diego FC,1.5,4.83,5.64,2026-08-05 07:14:28,5:30 am,Sun 16/08
"Football / Mexico / Liga MX, Apertura",Atlas FC,Tigres UANL,3.5,3.37,2.14,2026-08-05 07:14:28,6:00 am,Sun 16/08
Football / Russian Federation / Premier League,FK Zenit Saint Petersburg,FK Dinamo Moscow,1.43,4.66,7.27,2026-08-05 07:14:28,2:30 pm,Sun 16/08
Football / England / Championship,Watford FC,Southampton FC,3.38,3.63,2.18,2026-08-05 07:14:28,3:30 pm,Sun 16/08
Football / Scotland / League Cup,Heart of Midlothian FC,Inverness Caledonian Thistle FC,1.21,6.18,16.94,2026-08-05 07:14:28,4:00 pm,Sun 16/08
Football / Scotland / League Cup,Hibernian FC,Partick Thistle FC,1.42,4.5,8.0,2026-08-05 07:14:28,4:00 pm,Sun 16/08
Football / Scotland / League Cup,Stenhousemuir FC,Motherwell FC,9.2,5.4,1.32,2026-08-05 07:14:28,4:00 pm,Sun 16/08
Football / Russian Federation / Premier League,PFK Krylia Sovetov Samara,FC Dynamo-Makhachkala,2.35,3.33,3.09,2026-08-05 07:14:28,5:00 pm,Sun 16/08
Football / Brazil / Brasileiro Serie A,Chapecoense SC,EC Bahia BA,3.55,3.55,2.05,2026-08-05 07:14:28,5:00 pm,Sun 16/08
Football / England / Community Shield,Arsenal FC,Manchester City,2.65,3.68,2.68,2026-08-05 07:14:28,5:00 pm,Sun 16/08
Football / England / Championship,Burnley FC,West Ham United,2.95,3.61,2.41,2026-08-05 07:14:28,6:00 pm,Sun 16/08
Football / Scotland / League Cup,Glasgow Rangers,St Mirren FC,1.32,5.6,8.6,2026-08-05 07:14:28,6:00 pm,Sun 16/08
Football / Spain / LaLiga,Racing Santander,Villarreal CF,3.42,3.56,2.23,2026-08-05 07:14:28,6:00 pm,Sun 16/08
Football / Spain / LaLiga 2,SD Eibar,Tenerife CD,1.77,3.48,5.07,2026-08-05 07:14:28,6:00 pm,Sun 16/08
Football / Turkey / Super Lig,Istanbul Basaksehir,Kocaelispor,1.62,4.19,6.01,2026-08-05 07:14:28,7:00 pm,Sun 16/08
Football / Russian Federation / Premier League,FC Baltika Kaliningrad,FK Spartak Moscow,3.7,3.54,2.01,2026-08-05 07:14:28,7:30 pm,Sun 16/08
Football / Spain / LaLiga,Espanyol Barcelona,Levante UD,2.12,3.44,3.84,2026-08-05 07:14:28,8:00 pm,Sun 16/08
Football / Spain / LaLiga 2,Burgos CF,Cordoba CF,2.29,3.24,3.29,2026-08-05 07:14:28,8:00 pm,Sun 16/08
Football / Spain / LaLiga 2,Girona FC,CD Leganes,1.64,3.72,5.89,2026-08-05 07:14:28,8:00 pm,Sun 16/08
"Football / Mexico / Liga MX, Apertura",Pumas UNAM,Queretaro FC,1.64,4.15,5.05,2026-08-05 07:14:28,9:00 pm,Sun 16/08
Football / Turkey / Super Lig,Besiktas Istanbul,Eyupspor,1.38,5.75,8.01,2026-08-05 07:14:28,9:30 pm,Sun 16/08
Football / Turkey / Super Lig,Amed Sportif Faaliyetler,Erzurumspor FK,2.35,3.68,3.08,2026-08-05 07:14:28,9:30 pm,Sun 16/08
Football / France / Trophee des Champions,Racing Club De Lens,Paris Saint-Germain,4.35,3.83,1.88,2026-08-05 07:14:28,9:45 pm,Sun 16/08
Football / Brazil / Brasileiro Serie A,CR Vasco da Gama RJ,Santos FC SP,1.95,3.53,3.94,2026-08-05 07:14:28,10:00 pm,Sun 16/08
Football / Spain / LaLiga,RC Celta de Vigo,CA Osasuna,2.11,3.47,3.85,2026-08-05 07:14:28,10:30 pm,Sun 16/08
Football / Spain / LaLiga 2,UD Las Palmas,Albacete Balompie,1.66,3.85,5.28,2026-08-05 07:14:28,10:30 pm,Sun 16/08
Football / Argentina / Liga Profesional,CA Sarmiento Junin,CA Huracan,3.22,2.79,2.63,2026-08-05 07:14:28,11:00 pm,Sun 16/08
Football / Argentina / Liga Profesional,Gimnasia y Esgrima Mendoza,CA Talleres de Cordoba,2.82,2.82,2.94,2026-08-05 07:14:28,11:00 pm,Sun 16/08
Football / Argentina / Liga Profesional,CA Central Cordoba SE,Instituto AC Cordoba,3.51,2.9,2.38,2026-08-05 07:14:28,11:00 pm,Sun 16/08
Football / Argentina / Liga Profesional,Estudiantes de La Plata,Gimnasia y Esgrima La Plata,2.05,3.1,4.18,2026-08-05 07:14:28,11:00 pm,Sun 16/08
Football / Argentina / Liga Profesional,CA Platense,Boca Juniors,3.44,2.9,2.41,2026-08-05 07:14:28,11:00 pm,Sun 16/08
Football / Argentina / Liga Profesional,CA San Lorenzo de Almagro,Union de Santa Fe,2.82,2.94,2.82,2026-08-05 07:14:28,11:00 pm,Sun 16/08
Football / Argentina / Liga Profesional,CA Lanus,CA Independiente Avellaneda,2.38,2.87,3.57,2026-08-05 07:14:28,11:00 pm,Sun 16/08
Football / Argentina / Liga Profesional,Racing Club Avellaneda,CA Banfield,1.64,3.49,6.44,2026-08-05 07:14:28,11:00 pm,Sun 16/08
Football / Argentina / Liga Profesional,CA Belgrano de Cordoba,Independiente Rivadavia,1.96,3.16,4.47,2026-08-05 07:14:28,11:00 pm,Sun 16/08
Football / Argentina / Liga Profesional,CA Aldosivi,CA Tigre,2.95,2.68,2.95,2026-08-05 07:14:28,11:00 pm,Sun 16/08
Football / Argentina / Liga Profesional,CA Barracas Central,CA Rosario Central,3.68,2.98,2.26,2026-08-05 07:14:28,11:00 pm,Sun 16/08
Football / Argentina / Liga Profesional,Newell's Old Boys,Deportivo Riestra AFBC,2.06,2.94,4.45,2026-08-05 07:14:28,11:00 pm,Sun 16/08
Football / Argentina / Liga Profesional,Estudiantes Rio Cuarto,Atletico Tucuman,2.53,2.85,3.3,2026-08-05 07:14:28,11:00 pm,Sun 16/08
Football / Argentina / Liga Profesional,CA River Plate (ARG),Argentinos Juniors,2.48,2.9,3.31,2026-08-05 07:14:28,11:00 pm,Sun 16/08
Football / Argentina / Liga Profesional,Velez Sarsfield,Defensa y Justicia,1.75,3.36,5.53,2026-08-05 07:14:28,11:00 pm,Sun 16/08
Football / Brazil / Brasileiro Serie A,Mirassol FC SP,CR Flamengo RJ,4.2,3.55,1.89,2026-08-05 07:14:28,12:30 am,Mon 17/08
Football / Brazil / Brasileiro Serie A,EC Vitoria BA,Botafogo FR RJ,2.31,3.38,3.11,2026-08-05 07:14:28,12:30 am,Mon 17/08
Football / USA / Major League Soccer,Chicago Fire,Portland Timbers,1.63,4.64,4.5,2026-08-05 07:14:28,1:00 am,Mon 17/08
Football / USA / Major League Soccer,New York City FC,Philadelphia Union,1.77,4.04,4.22,2026-08-05 07:14:28,1:00 am,Mon 17/08
Football / Brazil / Brasileiro Serie A,SC Corinthians SP,Cruzeiro EC MG,2.26,3.35,3.24,2026-08-05 07:14:28,1:30 am,Mon 17/08
"Football / Mexico / Liga MX, Apertura",CF America,Atletico San Luis,1.56,4.35,5.58,2026-08-05 07:14:28,2:00 am,Mon 17/08
Football / USA / Major League Soccer,Austin FC,FC Dallas,2.9,3.73,2.29,2026-08-05 07:14:28,3:30 am,Mon 17/08
"Football / Mexico / Liga MX, Apertura",Club Santos Laguna,CD Guadalajara,5.13,4.23,1.62,2026-08-05 07:14:28,4:00 am,Mon 17/08
Football / USA / Major League Soccer,Seattle Sounders,Vancouver Whitecaps FC,2.91,3.84,2.24,2026-08-05 07:14:28,5:30 am,Mon 17/08
"Football / Mexico / Liga MX, Apertura",Club Tijuana de Caliente,CF Cruz Azul,3.21,3.53,2.19,2026-08-05 07:14:28,6:00 am,Mon 17/08
Football / Spain / LaLiga 2,Sporting Gijon,CE Sabadell FC,1.85,3.4,4.66,2026-08-05 07:14:28,8:00 pm,Mon 17/08
Football / Turkey / Super Lig,Samsunspor,Goztepe Izmir,2.28,3.43,3.42,2026-08-05 07:14:28,9:30 pm,Mon 17/08
Football / Spain / LaLiga,RC Deportivo De La Coruna,Elche CF,2.36,3.27,3.41,2026-08-05 07:14:28,10:00 pm,Mon 17/08
Football / England / Championship,Cardiff City,Wrexham AFC,2.48,3.59,2.87,2026-08-05 07:14:28,10:00 pm,Mon 17/08
Football / Spain / LaLiga 2,UD Almeria,Club Deportivo Eldense,1.3,5.42,10.52,2026-08-05 07:14:28,10:30 pm,Mon 17/08
Football / Brazil / Brasileiro Serie A,SC Internacional RS,Clube do Remo PA,1.6,4.05,5.66,2026-08-05 07:14:28,2:00 am,Tue 18/08
"Football / Mexico / Liga MX, Apertura",Club Necaxa,Club Leon,2.16,3.58,3.25,2026-08-05 07:14:28,4:00 am,Tue 18/08
"Football / Mexico / Liga MX, Apertura",CF Pachuca,Club Puebla,1.37,4.99,8.2,2026-08-05 07:14:28,6:00 am,Tue 18/08
Football / Spain / LaLiga,Atletico Madrid,Malaga CF,1.35,5.65,9.32,2026-08-05 07:14:28,10:00 pm,Wed 19/08
Football / USA / Major League Soccer,Toronto FC,Charlotte FC,2.31,3.76,2.85,2026-08-05 07:14:28,2:30 am,Thu 20/08
Football / USA / Major League Soccer,FC Cincinnati,New York City FC,2.07,4.02,3.15,2026-08-05 07:14:28,2:30 am,Thu 20/08
Football / USA / Major League Soccer,Orlando City SC,Chicago Fire,3.13,4.17,2.04,2026-08-05 07:14:28,2:30 am,Thu 20/08
Football / USA / Major League Soccer,Philadelphia Union,Inter Miami CF,2.59,4.03,2.41,2026-08-05 07:14:28,2:30 am,Thu 20/08
Football / USA / Major League Soccer,Columbus Crew,CF Montreal,1.56,4.43,5.5,2026-08-05 07:14:28,2:30 am,Thu 20/08
Football / USA / Major League Soccer,DC United,New England Revolution,2.0,3.75,3.54,2026-08-05 07:14:28,2:30 am,Thu 20/08
Football / USA / Major League Soccer,New York Red Bulls,Nashville SC,2.88,3.92,2.23,2026-08-05 07:14:28,2:30 am,Thu 20/08
Football / USA / Major League Soccer,Sporting Kansas City,Saint Louis City SC,3.38,3.97,1.99,2026-08-05 07:14:28,3:00 am,Thu 20/08
Football / USA / Major League Soccer,Minnesota United FC,Atlanta United FC,1.69,4.03,4.8,2026-08-05 07:14:28,3:30 am,Thu 20/08
Football / USA / Major League Soccer,Seattle Sounders,Austin FC,1.63,4.23,5.03,2026-08-05 07:14:28,4:30 am,Thu 20/08
Football / USA / Major League Soccer,Colorado Rapids,Los Angeles FC,2.81,3.79,2.33,2026-08-05 07:14:28,4:30 am,Thu 20/08
Football / USA / Major League Soccer,Real Salt Lake,FC Dallas,1.83,4.01,3.95,2026-08-05 07:14:28,4:30 am,Thu 20/08
Football / USA / Major League Soccer,Los Angeles Galaxy,San Jose Earthquakes,2.44,3.9,2.6,2026-08-05 07:14:28,5:30 am,Thu 20/08
Football / USA / Major League Soccer,Vancouver Whitecaps FC,Houston Dynamo,1.46,4.83,6.26,2026-08-05 07:14:28,5:30 am,Thu 20/08
Football / USA / Major League Soccer,Portland Timbers,San Diego FC,1.95,4.2,3.34,2026-08-05 07:14:28,5:30 am,Thu 20/08
Football / Spain / LaLiga,Rayo Vallecano,Deportivo Alaves,2.24,3.12,3.92,2026-08-05 07:14:28,10:00 pm,Thu 20/08
Football / Germany / DFB Pokal,SV Waldhof Mannheim 07,1 FC Kaiserslautern,3.09,3.46,2.29,2026-08-05 07:14:28,7:00 pm,Fri 21/08
Football / Germany / DFB Pokal,SC St. Tonis 11/20,Eintracht Frankfurt,81.75,67.75,74.75,2026-08-05 07:14:28,7:00 pm,Fri 21/08
Football / Germany / DFB Pokal,SC Preussen 06 Munster,Karlsruher SC,2.93,3.49,2.37,2026-08-05 07:14:28,7:00 pm,Fri 21/08
Football / Italy / Serie B,L.R. Vicenza,US Catanzaro,2.64,3.24,2.76,2026-08-05 07:14:28,9:30 pm,Fri 21/08
Football / Germany / DFB Pokal,Hansa Rostock,VfB Stuttgart,10.69,7.88,1.21,2026-08-05 07:14:28,9:45 pm,Fri 21/08
Football / France / Ligue 1,Olympique Marseille,Strasbourg Alsace,1.71,4.48,4.65,2026-08-05 07:14:28,9:45 pm,Fri 21/08
Football / England / Premier League,Arsenal FC,Coventry City,1.21,7.97,14.41,2026-08-05 07:14:28,10:00 pm,Fri 21/08
Football / Spain / LaLiga,Real Betis Seville,Real Sociedad San Sebastian,2.29,3.38,3.46,2026-08-05 07:14:28,10:00 pm,Fri 21/08
Football / Germany / DFB Pokal,SV Wehen Wiesbaden,Bayer Leverkusen,15.56,9.41,1.14,2026-08-05 07:14:28,2:00 pm,Sat 22/08
Football / Germany / DFB Pokal,Energie Cottbus,FC Augsburg,4.41,4.5,1.66,2026-08-05 07:14:28,2:00 pm,Sat 22/08
Football / England / Premier League,Hull City,Manchester United,6.92,4.9,1.48,2026-08-05 07:14:28,2:30 pm,Sat 22/08
Football / Germany / DFB Pokal,Erzgebirge Aue,TSG Hoffenheim,20.17,10.33,1.11,2026-08-05 07:14:28,4:30 pm,Sat 22/08
Football / Germany / DFB Pokal,FC Viktoria Cologne,1 FC Nuremberg,3.35,3.51,2.14,2026-08-05 07:14:28,4:30 pm,Sat 22/08
Football / Germany / DFB Pokal,1. FC Saarbrucken,Hertha BSC,3.97,3.7,1.89,2026-08-05 07:14:28,4:30 pm,Sat 22/08
Football / Germany / DFB Pokal,Luneburger SK Hansa,Werder Bremen,84.77,51.77,68.27,2026-08-05 07:14:28,4:30 pm,Sat 22/08
Football / Germany / DFB Pokal,SV Hemelingen,Hannover 96,83.48,53.67,68.58,2026-08-05 07:14:28,4:30 pm,Sat 22/08
Football / Germany / DFB Pokal,MSV Duisburg,SV 07 Elversberg,4.42,3.73,1.8,2026-08-05 07:14:28,4:30 pm,Sat 22/08
Football / England / Premier League,Nottingham Forest,Leeds United,2.32,3.51,3.27,2026-08-05 07:14:28,5:00 pm,Sat 22/08
Football / England / Premier League,Everton FC,Crystal Palace,2.21,3.55,3.47,2026-08-05 07:14:28,5:00 pm,Sat 22/08
Football / England / Premier League,Ipswich Town,Sunderland AFC,2.79,3.41,2.7,2026-08-05 07:14:28,5:00 pm,Sat 22/08
Football / Spain / LaLiga,Athletic Bilbao,Sevilla FC,1.68,3.97,5.66,2026-08-05 07:14:28,6:00 pm,Sat 22/08
Football / France / Ligue 1,Racing Club De Lens,AJ Auxerre,1.66,4.41,5.16,2026-08-05 07:14:28,6:15 pm,Sat 22/08
Football / Germany / DFB Pokal,Eintracht Trier,RB Leipzig,41.87,25.64,1.01,2026-08-05 07:14:28,7:00 pm,Sat 22/08
Football / Germany / DFB Pokal,SG Sonnenhof Grossaspach,Arminia Bielefeld,5.27,3.97,1.64,2026-08-05 07:14:28,7:00 pm,Sat 22/08
Football / Italy / Serie A,Inter Milano,AC Monza,1.26,6.87,12.14,2026-08-05 07:14:28,7:30 pm,Sat 22/08
Football / Italy / Serie A,Udinese Calcio,Como 1907,4.47,3.6,1.92,2026-08-05 07:14:28,7:30 pm,Sat 22/08
Football / England / Premier League,Brentford FC,Tottenham Hotspur,2.47,3.73,2.86,2026-08-05 07:14:28,7:30 pm,Sat 22/08
Football / Greece / Super League 1,PAE PS Kalamata,Aris Thessaloniki,4.19,3.1,2.05,2026-08-05 07:14:28,8:00 pm,Sat 22/08
Football / Greece / Super League 1,AEK Athens,POT Iraklis,1.19,6.8,16.0,2026-08-05 07:14:28,8:00 pm,Sat 22/08
Football / Italy / Serie B,Carrarese Calcio,Mantova 1911,2.2,3.31,3.4,2026-08-05 07:14:28,8:00 pm,Sat 22/08
Football / Italy / Serie B,FC Sudtirol Bolzano,Virtus Entella,2.05,3.14,4.11,2026-08-05 07:14:28,8:00 pm,Sat 22/08
Football / Spain / LaLiga,Valencia CF,RC Celta de Vigo,2.48,3.34,3.13,2026-08-05 07:14:28,8:30 pm,Sat 22/08
Football / Germany / Super Cup,Borussia Dortmund,Bayern Munich,4.66,4.32,1.68,2026-08-05 07:14:28,9:30 pm,Sat 22/08
Football / Italy / Serie A,Parma Calcio,Cagliari Calcio,2.71,3.22,2.92,2026-08-05 07:14:28,9:45 pm,Sat 22/08
Football / France / Ligue 1,Toulouse FC,Olympique Lyon,3.45,3.72,2.16,2026-08-05 07:14:28,9:45 pm,Sat 22/08
Football / Italy / Serie A,Genoa CFC,SSC Napoli,4.61,3.51,1.92,2026-08-05 07:14:28,9:45 pm,Sat 22/08
Football / France / Ligue 1,Le Mans FC,Stade Brest 29,2.63,3.58,2.76,2026-08-05 07:14:28,9:45 pm,Sat 22/08
Football / France / Ligue 1,ESTAC Troyes,Paris FC,2.81,3.56,2.6,2026-08-05 07:14:28,9:45 pm,Sat 22/08
Football / France / Ligue 1,OGC Nice,FC Lorient,2.29,3.62,3.23,2026-08-05 07:14:28,9:45 pm,Sat 22/08
Football / Greece / Super League 1,Olympiacos Piraeus,Atromitos Athinon,1.2,6.37,15.93,2026-08-05 07:14:28,10:00 pm,Sat 22/08
Football / Italy / Serie B,Benevento Calcio,Modena FC,2.61,3.19,2.83,2026-08-05 07:14:28,10:00 pm,Sat 22/08
Football / Italy / Serie B,Empoli FC,US Cremonese,2.9,3.23,2.53,2026-08-05 07:14:28,10:00 pm,Sat 22/08
Football / Italy / Serie B,US Avellino,SS Arezzo,2.18,3.41,3.35,2026-08-05 07:14:28,10:00 pm,Sat 22/08
Football / Spain / LaLiga,Espanyol Barcelona,Real Madrid,5.11,4.25,1.69,2026-08-05 07:14:28,10:30 pm,Sat 22/08
Football / Germany / DFB Pokal,SSV Jeddeloh II,1. FC Heidenheim,19.04,11.33,1.1,2026-08-05 07:14:28,2:00 pm,Sun 23/08
Football / Germany / DFB Pokal,Greuther Furth,VfL Bochum,2.66,3.43,2.61,2026-08-05 07:14:28,2:00 pm,Sun 23/08
Football / England / Premier League,Manchester City,AFC Bournemouth,1.51,5.28,5.78,2026-08-05 07:14:28,4:00 pm,Sun 23/08
Football / England / Premier League,Brighton & Hove Albion,Aston Villa,2.39,3.76,2.96,2026-08-05 07:14:28,4:00 pm,Sun 23/08
Football / France / Ligue 1,Angers SCO,Lille OSC,5.03,3.92,1.76,2026-08-05 07:14:28,4:00 pm,Sun 23/08
Football / Germany / DFB Pokal,Bahlinger SC,1. FC Magdeburg,29.63,19.12,1.04,2026-08-05 07:14:28,4:30 pm,Sun 23/08
Football / Germany / DFB Pokal,Eintracht Braunschweig,Union Berlin,4.44,4.1,1.72,2026-08-05 07:14:28,4:30 pm,Sun 23/08
Football / Germany / DFB Pokal,VfB 1921 Krieschow,FSV Mainz,47.92,31.59,39.76,2026-08-05 07:14:28,4:30 pm,Sun 23/08
Football / Germany / DFB Pokal,TSV Schott Mainz,Borussia Monchengladbach,96.39,80.29,88.34,2026-08-05 07:14:28,4:30 pm,Sun 23/08
Football / Germany / DFB Pokal,SV Westfalia Rhynern,Dynamo Dresden,26.11,15.55,1.06,2026-08-05 07:14:28,4:30 pm,Sun 23/08
Football / Germany / DFB Pokal,FC Carl Zeiss Jena,SV Darmstadt 98,5.08,4.18,1.63,2026-08-05 07:14:28,4:30 pm,Sun 23/08
Football / Spain / LaLiga,Atletico Madrid,Villarreal CF,2.0,3.6,4.09,2026-08-05 07:14:28,6:00 pm,Sun 23/08
Football / France / Ligue 1,Le Havre AC,AS Monaco,3.46,3.86,2.11,2026-08-05 07:14:28,6:15 pm,Sun 23/08
Football / England / Premier League,Newcastle United,Liverpool FC,3.26,3.97,2.16,2026-08-05 07:14:28,6:30 pm,Sun 23/08
Football / Germany / DFB Pokal,Rot-Weiss Essen,FC St. Pauli,2.69,3.59,2.5,2026-08-05 07:14:28,7:00 pm,Sun 23/08
Football / Germany / DFB Pokal,1. FC Phonix Lubeck,SC Paderborn 07,24.43,14.53,1.06,2026-08-05 07:14:28,7:00 pm,Sun 23/08
Football / Germany / DFB Pokal,Fortuna Dusseldorf,SC Freiburg,6.65,4.54,1.47,2026-08-05 07:14:28,7:00 pm,Sun 23/08
Football / Italy / Serie A,Venezia FC,US Lecce,2.45,3.34,3.17,2026-08-05 07:14:28,7:30 pm,Sun 23/08
Football / Italy / Serie A,Frosinone Calcio,Juventus Turin,6.53,4.62,1.53,2026-08-05 07:14:28,7:30 pm,Sun 23/08
Football / Greece / Super League 1,OFI Crete,Volos NPS,1.98,3.4,4.0,2026-08-05 07:14:28,7:30 pm,Sun 23/08
Football / Italy / Serie B,Hellas Verona,Ascoli Calcio 1898,1.55,4.14,6.12,2026-08-05 07:14:28,8:00 pm,Sun 23/08
Football / Italy / Serie B,Pisa SC,Calcio Padova,1.7,3.58,5.47,2026-08-05 07:14:28,8:00 pm,Sun 23/08
Football / Spain / LaLiga,Getafe CF,Racing Santander,2.06,3.15,4.55,2026-08-05 07:14:28,8:30 pm,Sun 23/08
Football / Greece / Super League 1,Panathinaikos Athens,AE Kifisia FC,1.23,5.6,16.0,2026-08-05 07:14:28,9:00 pm,Sun 23/08
Football / Greece / Super League 1,PAOK Thessaloniki,APO Levadiakos FC,1.28,5.4,12.0,2026-08-05 07:14:28,9:00 pm,Sun 23/08
Football / Greece / Super League 1,Panaitolikos Agrinio,Asteras Tripolis,2.6,3.15,2.85,2026-08-05 07:14:28,9:30 pm,Sun 23/08
Football / Italy / Serie A,Atalanta BC,Sassuolo Calcio,1.59,4.58,5.69,2026-08-05 07:14:28,9:45 pm,Sun 23/08
Football / Italy / Serie A,Torino FC,AC Milan,4.55,3.82,1.85,2026-08-05 07:14:28,9:45 pm,Sun 23/08
Football / France / Ligue 1,Paris Saint-Germain,Stade Rennais FC,1.44,5.65,6.55,2026-08-05 07:14:28,9:45 pm,Sun 23/08
Football / Italy / Serie B,Cesena FC,Sampdoria Genoa,2.65,3.29,2.71,2026-08-05 07:14:28,10:00 pm,Sun 23/08
Football / Italy / Serie B,Palermo FC,Juve Stabia,1.6,3.85,5.98,2026-08-05 07:14:28,10:00 pm,Sun 23/08
Football / Spain / LaLiga,Elche CF,FC Barcelona,7.95,6.1,1.36,2026-08-05 07:14:28,10:30 pm,Sun 23/08
Football / Germany / DFB Pokal,VSG Altglienicke,VFL Wolfsburg,12.29,7.17,1.21,2026-08-05 07:14:28,7:00 pm,Mon 24/08
Football / Germany / DFB Pokal,FC Wurzburger Kickers,1. FC Cologne,8.23,6.03,1.31,2026-08-05 07:14:28,7:00 pm,Mon 24/08
Football / Germany / DFB Pokal,SC Verl,Hamburger SV,5.32,4.63,1.55,2026-08-05 07:14:28,7:00 pm,Mon 24/08
Football / Italy / Serie A,Bologna FC,Lazio Rome,2.24,3.34,3.62,2026-08-05 07:14:28,7:30 pm,Mon 24/08
Football / Spain / LaLiga,CA Osasuna,Levante UD,1.8,3.91,4.74,2026-08-05 07:14:28,8:30 pm,Mon 24/08
Football / Italy / Serie A,AS Roma,ACF Fiorentina,1.61,4.26,5.95,2026-08-05 07:14:28,9:45 pm,Mon 24/08
Football / Germany / DFB Pokal,Hallescher FC,Schalke 04,6.52,5.46,1.4,2026-08-05 07:14:28,9:45 pm,Mon 24/08
Football / England / Premier League,Fulham FC,Chelsea FC,3.15,3.75,2.28,2026-08-05 07:14:28,10:00 pm,Mon 24/08
Football / Spain / LaLiga,Malaga CF,RC Deportivo De La Coruna,2.61,3.15,3.11,2026-08-05 07:14:28,10:30 pm,Mon 24/08
Football / Spain / LaLiga,Valencia CF,Real Betis Seville,2.78,3.37,2.74,2026-08-05 07:14:28,10:00 pm,Tue 25/08
Football / Spain / LaLiga,Real Madrid,Real Sociedad San Sebastian,1.49,5.14,6.39,2026-08-05 07:14:28,10:00 pm,Wed 26/08
Football / Spain / LaLiga,FC Barcelona,Athletic Bilbao,1.47,5.28,6.52,2026-08-05 07:14:28,10:00 pm,Thu 27/08
Football / Germany / Bundesliga,Bayern Munich,VfB Stuttgart,1.34,6.89,7.66,2026-08-05 07:14:28,9:30 pm,Fri 28/08
Football / Germany / Bundesliga,RB Leipzig,Borussia Monchengladbach,1.6,4.77,5.33,2026-08-05 07:14:28,4:30 pm,Sat 29/08
Football / Germany / Bundesliga,1. FC Cologne,TSG Hoffenheim,2.95,3.73,2.41,2026-08-05 07:14:28,4:30 pm,Sat 29/08
Football / Germany / Bundesliga,FSV Mainz,SC Paderborn 07,1.77,4.12,4.64,2026-08-05 07:14:28,4:30 pm,Sat 29/08
Football / Germany / Bundesliga,SV 07 Elversberg,Bayer Leverkusen,5.22,4.82,1.6,2026-08-05 07:14:28,4:30 pm,Sat 29/08
Football / Germany / Bundesliga,Union Berlin,Eintracht Frankfurt,2.47,3.64,2.92,2026-08-05 07:14:28,4:30 pm,Sat 29/08
Football / Germany / Bundesliga,Borussia Dortmund,Hamburger SV,1.38,5.82,7.89,2026-08-05 07:14:28,7:30 pm,Sat 29/08
Football / Germany / Bundesliga,SC Freiburg,Werder Bremen,2.16,3.62,3.54,2026-08-05 07:14:28,4:30 pm,Sun 30/08
Football / Germany / Bundesliga,FC Augsburg,Schalke 04,2.24,3.84,3.17,2026-08-05 07:14:28,6:30 pm,Sun 30/08
Football / Germany / DFB Pokal,VfL 1899 Osnabruck,Bayern Munich,37.72,20.84,1.03,2026-08-05 07:14:28,9:45 pm,Wed 02/09
Football / Bulgaria / Super Cup,PFC Levski Sofia,PFC CSKA Sofia,2.47,3.15,3.05,2026-08-05 07:14:28,9:00 pm,Wed 09/09
